-- phpMyAdmin SQL Dump
-- version 5.2.0
-- https://www.phpmyadmin.net/
--
-- Host: 127.0.0.1
-- Generation Time: Apr 12, 2023 at 12:17 PM
-- Server version: 10.4.27-MariaDB
-- PHP Version: 8.0.25

SET SQL_MODE = "NO_AUTO_VALUE_ON_ZERO";
START TRANSACTION;
SET time_zone = "+00:00";


/*!40101 SET @OLD_CHARACTER_SET_CLIENT=@@CHARACTER_SET_CLIENT */;
/*!40101 SET @OLD_CHARACTER_SET_RESULTS=@@CHARACTER_SET_RESULTS */;
/*!40101 SET @OLD_COLLATION_CONNECTION=@@COLLATION_CONNECTION */;
/*!40101 SET NAMES utf8mb4 */;

--
-- Database: `innovative`
--

-- --------------------------------------------------------

--
-- Table structure for table `about_info`
--

CREATE TABLE `about_info` (
  `about_info_id` int(11) NOT NULL,
  `info` text NOT NULL,
  `is_primary` int(11) NOT NULL
) ENGINE=InnoDB DEFAULT CHARSET=latin1 COLLATE=latin1_swedish_ci;

--
-- Dumping data for table `about_info`
--

INSERT INTO `about_info` (`about_info_id`, `info`, `is_primary`) VALUES
(1, 'abc', 1);

-- --------------------------------------------------------

--
-- Table structure for table `cart`
--

CREATE TABLE `cart` (
  `cart_id` int(11) NOT NULL,
  `material_id` int(11) DEFAULT NULL,
  `user_id` int(11) DEFAULT NULL,
  `created_at` timestamp NULL DEFAULT NULL
) ENGINE=MyISAM DEFAULT CHARSET=utf8mb4 COLLATE=utf8mb4_general_ci;

-- --------------------------------------------------------

--
-- Table structure for table `chatbot`
--

CREATE TABLE `chatbot` (
  `id` int(11) NOT NULL,
  `message` text NOT NULL,
  `response` text NOT NULL
) ENGINE=InnoDB DEFAULT CHARSET=latin1 COLLATE=latin1_swedish_ci;

-- --------------------------------------------------------

--
-- Table structure for table `city`
--

CREATE TABLE `city` (
  `cid` int(11) NOT NULL,
  `cname` varchar(100) NOT NULL,
  `sid` int(11) NOT NULL
) ENGINE=InnoDB DEFAULT CHARSET=latin1 COLLATE=latin1_swedish_ci;

--
-- Dumping data for table `city`
--

INSERT INTO `city` (`cid`, `cname`, `sid`) VALUES
(5, 'AHMEDABAD', 1),
(6, 'BARODA', 1),
(9, 'JAMNAGAR', 1),
(10, 'Surat', 1);

-- --------------------------------------------------------

--
-- Table structure for table `ci_sessions`
--

CREATE TABLE `ci_sessions` (
  `id` varchar(40) NOT NULL,
  `ip_address` varchar(45) NOT NULL,
  `timestamp` int(10) UNSIGNED NOT NULL DEFAULT 0,
  `data` blob NOT NULL
) ENGINE=InnoDB DEFAULT CHARSET=latin1 COLLATE=latin1_swedish_ci;

--
-- Dumping data for table `ci_sessions`
--

INSERT INTO `ci_sessions` (`id`, `ip_address`, `timestamp`, `data`) VALUES
('0a2bbvld8kp9l3o0vuud01buouh09n2e', '::1', 1677606898, 0x5f5f63695f6c6173745f726567656e65726174657c693a313637373630363839383b757365725f646174617c613a31373a7b733a373a22757365725f6964223b733a323a223634223b733a383a22757365726e616d65223b733a31383a226d656e746f722d3540676d61696c2e636f6d223b733a353a22656d61696c223b733a31383a226d656e746f722d3540676d61696c2e636f6d223b733a383a2270617373776f7264223b733a333a22313233223b733a393a2266756c6c5f6e616d65223b733a383a224d656e746f722d35223b733a373a2270726f66696c65223b733a33363a2266636566326538636166326132653963393461353362326531326262343439622e6a7067223b733a31303a2261626f75745f75736572223b4e3b733a383a2273746174655f6964223b733a313a2231223b733a373a22636974795f6964223b733a313a2235223b733a393a22636f757273655f6964223b733a313a2232223b733a383a226c616e646d61726b223b733a353a224e6f696461223b733a31333a2270726f66696c655f696d616765223b4e3b733a373a22726f6c655f6964223b733a313a2232223b733a31323a2270617373696e675f79656172223b733a343a2232303233223b733a353a2270686f6e65223b733a31303a2239393335323730313334223b733a393a2269735f6f6e6c696e65223b733a313a2231223b733a31303a22637265617465645f6174223b4e3b7d),
('0ghkf05dkke1022lll1lrhpmmbcjm2a7', '::1', 1677521142, 0x757365725f69647c733a323a223536223b757365726e616d657c733a31353a22696e666f40776562687574732e696e223b656d61696c7c733a31353a22696e666f40776562687574732e696e223b70617373776f72647c733a333a22313233223b66756c6c5f6e616d657c4e3b70726f66696c657c4e3b61626f75745f757365727c4e3b73746174655f69647c4e3b636974795f69647c4e3b636f757273655f69647c4e3b6c616e646d61726b7c4e3b70726f66696c655f696d6167657c4e3b726f6c655f69647c733a313a2233223b69735f6f6e6c696e657c733a313a2230223b637265617465645f61747c4e3b5f5f63695f6c6173745f726567656e65726174657c693a313637373532313134323b6d6174657269616c5f646174617c613a303a7b7d),
('0jlou610k2oi12u69pmk7b2ups8f02mv', '::1', 1677517574, 0x757365725f69647c733a323a223536223b757365726e616d657c733a31353a22696e666f40776562687574732e696e223b656d61696c7c733a31353a22696e666f40776562687574732e696e223b70617373776f72647c733a333a22313233223b66756c6c5f6e616d657c4e3b70726f66696c657c4e3b61626f75745f757365727c4e3b73746174655f69647c4e3b636974795f69647c4e3b636f757273655f69647c4e3b6c616e646d61726b7c4e3b70726f66696c655f696d6167657c4e3b726f6c655f69647c733a313a2233223b69735f6f6e6c696e657c733a313a2230223b637265617465645f61747c4e3b5f5f63695f6c6173745f726567656e65726174657c693a313637373531373537343b6d6174657269616c5f646174617c613a303a7b7d),
('0ttifi0u997hec46oib1q7eh3134m0m9', '::1', 1677513312, 0x757365725f69647c733a323a223536223b757365726e616d657c733a31353a22696e666f40776562687574732e696e223b656d61696c7c733a31353a22696e666f40776562687574732e696e223b70617373776f72647c733a333a22313233223b66756c6c5f6e616d657c4e3b70726f66696c657c4e3b61626f75745f757365727c4e3b73746174655f69647c4e3b636974795f69647c4e3b636f757273655f69647c4e3b6c616e646d61726b7c4e3b70726f66696c655f696d6167657c4e3b726f6c655f69647c733a313a2233223b69735f6f6e6c696e657c733a313a2230223b637265617465645f61747c4e3b5f5f63695f6c6173745f726567656e65726174657c693a313637373531333331323b),
('1bpajo5l4ktugfsrn0mao9d6mlm83b6p', '::1', 1677600322, 0x5f5f63695f6c6173745f726567656e65726174657c693a313637373630303332323b),
('1ptjttch2njsgsme9b9omun0uk2kribb', '::1', 1677601622, 0x5f5f63695f6c6173745f726567656e65726174657c693a313637373630313632323b),
('2arenjvgipqorkmr1q3fud0sisu60nt2', '127.0.0.1', 1677944202, 0x757365725f69647c733a323a223536223b757365726e616d657c733a31353a22696e666f40776562687574732e696e223b656d61696c7c733a31353a22696e666f40776562687574732e696e223b70617373776f72647c733a333a22313233223b66756c6c5f6e616d657c4e3b70726f66696c657c4e3b61626f75745f757365727c4e3b73746174655f69647c4e3b636974795f69647c4e3b636f757273655f69647c4e3b6c616e646d61726b7c4e3b70726f66696c655f696d6167657c4e3b726f6c655f69647c733a313a2233223b70617373696e675f796561727c4e3b70686f6e657c4e3b69735f6f6e6c696e657c733a313a2231223b637265617465645f61747c4e3b5f5f63695f6c6173745f726567656e65726174657c693a313637373934343139313b6d6174657269616c5f646174617c613a343a7b733a31313a226d6174657269616c5f6964223b733a313a2233223b733a353a227469746c65223b733a353a225469746c65223b733a373a22616d6d6f756e74223b733a353a223534363534223b733a343a2274797065223b693a323b7d),
('2beflovqd0h0aq0288t9ss35e6j4mcm8', '::1', 1677925768, 0x757365725f69647c733a323a223536223b757365726e616d657c733a31353a22696e666f40776562687574732e696e223b656d61696c7c733a31353a22696e666f40776562687574732e696e223b70617373776f72647c733a333a22313233223b66756c6c5f6e616d657c4e3b70726f66696c657c4e3b61626f75745f757365727c4e3b73746174655f69647c4e3b636974795f69647c4e3b636f757273655f69647c4e3b6c616e646d61726b7c4e3b70726f66696c655f696d6167657c4e3b726f6c655f69647c733a313a2233223b70617373696e675f796561727c4e3b70686f6e657c4e3b69735f6f6e6c696e657c733a313a2230223b637265617465645f61747c4e3b5f5f63695f6c6173745f726567656e65726174657c693a313637373932353736383b6d6174657269616c5f646174617c613a303a7b7d706c616e5f646174617c613a303a7b7d),
('2c24ht6eoiljva3pr782u34j9ban6v2i', '::1', 1677604209, 0x757365725f69647c733a323a223536223b757365726e616d657c733a31353a22696e666f40776562687574732e696e223b656d61696c7c733a31353a22696e666f40776562687574732e696e223b70617373776f72647c733a333a22313233223b66756c6c5f6e616d657c4e3b70726f66696c657c4e3b61626f75745f757365727c4e3b73746174655f69647c4e3b636974795f69647c4e3b636f757273655f69647c4e3b6c616e646d61726b7c4e3b70726f66696c655f696d6167657c4e3b726f6c655f69647c733a313a2233223b70617373696e675f796561727c4e3b70686f6e657c4e3b69735f6f6e6c696e657c733a313a2230223b637265617465645f61747c4e3b5f5f63695f6c6173745f726567656e65726174657c693a313637373630343230393b6d6174657269616c5f646174617c613a333a7b733a31313a226d6174657269616c5f6964223b733a373a2233302064617973223b733a373a22616d6d6f756e74223b733a333a22343530223b733a343a2274797065223b693a313b7d),
('2l28j9eaucrhsh3tn02jt412182gf6un', '::1', 1677927412, 0x757365725f69647c733a323a223536223b757365726e616d657c733a31353a22696e666f40776562687574732e696e223b656d61696c7c733a31353a22696e666f40776562687574732e696e223b70617373776f72647c733a333a22313233223b66756c6c5f6e616d657c4e3b70726f66696c657c4e3b61626f75745f757365727c4e3b73746174655f69647c4e3b636974795f69647c4e3b636f757273655f69647c4e3b6c616e646d61726b7c4e3b70726f66696c655f696d6167657c4e3b726f6c655f69647c733a313a2233223b70617373696e675f796561727c4e3b70686f6e657c4e3b69735f6f6e6c696e657c733a313a2230223b637265617465645f61747c4e3b5f5f63695f6c6173745f726567656e65726174657c693a313637373932373431323b6d6174657269616c5f646174617c613a303a7b7d706c616e5f646174617c613a303a7b7d636172745f6974656d737c613a323a7b693a303b613a373a7b733a31303a227061636b6167655f6964223b733a31333a2254657374204d6174657269616c223b733a373a22616d6d6f756e74223b733a333a22353030223b733a373a22757365725f6964223b733a323a223536223b733a31303a22637265617465645f6f6e223b733a31303a22323032332d30332d3034223b733a363a22737461747573223b693a313b733a343a2274797065223b693a323b733a31313a226d6174657269616c5f6964223b733a313a2238223b7d693a313b613a373a7b733a31303a227061636b6167655f6964223b733a31333a2254657374204d6174657269616c223b733a373a22616d6d6f756e74223b733a333a22353030223b733a373a22757365725f6964223b733a323a223536223b733a31303a22637265617465645f6f6e223b733a31303a22323032332d30332d3034223b733a363a22737461747573223b693a313b733a343a2274797065223b693a323b733a31313a226d6174657269616c5f6964223b733a313a2237223b7d7d),
('2legbi8bikh7flmsb9k3cpfgvkvaesep', '::1', 1677606943, 0x757365725f69647c733a323a223536223b757365726e616d657c733a31353a22696e666f40776562687574732e696e223b656d61696c7c733a31353a22696e666f40776562687574732e696e223b70617373776f72647c733a333a22313233223b66756c6c5f6e616d657c4e3b70726f66696c657c4e3b61626f75745f757365727c4e3b73746174655f69647c4e3b636974795f69647c4e3b636f757273655f69647c4e3b6c616e646d61726b7c4e3b70726f66696c655f696d6167657c4e3b726f6c655f69647c733a313a2233223b70617373696e675f796561727c4e3b70686f6e657c4e3b69735f6f6e6c696e657c733a313a2230223b637265617465645f61747c4e3b5f5f63695f6c6173745f726567656e65726174657c693a313637373630363934333b6d6174657269616c5f646174617c613a303a7b7d706c616e5f646174617c613a303a7b7d),
('31uthn738gii0vbibdojil3eqj3th5m7', '::1', 1677927544, 0x757365725f69647c733a323a223536223b757365726e616d657c733a31353a22696e666f40776562687574732e696e223b656d61696c7c733a31353a22696e666f40776562687574732e696e223b70617373776f72647c733a333a22313233223b66756c6c5f6e616d657c4e3b70726f66696c657c4e3b61626f75745f757365727c4e3b73746174655f69647c4e3b636974795f69647c4e3b636f757273655f69647c4e3b6c616e646d61726b7c4e3b70726f66696c655f696d6167657c4e3b726f6c655f69647c733a313a2233223b70617373696e675f796561727c4e3b70686f6e657c4e3b69735f6f6e6c696e657c733a313a2230223b637265617465645f61747c4e3b5f5f63695f6c6173745f726567656e65726174657c693a313637373932373431323b6d6174657269616c5f646174617c613a303a7b7d706c616e5f646174617c613a303a7b7d636172745f6974656d737c613a303a7b7d),
('38ibohsmmbof121vukmmdfgrif9ff8as', '::1', 1677516115, 0x757365725f69647c733a323a223536223b757365726e616d657c733a31353a22696e666f40776562687574732e696e223b656d61696c7c733a31353a22696e666f40776562687574732e696e223b70617373776f72647c733a333a22313233223b66756c6c5f6e616d657c4e3b70726f66696c657c4e3b61626f75745f757365727c4e3b73746174655f69647c4e3b636974795f69647c4e3b636f757273655f69647c4e3b6c616e646d61726b7c4e3b70726f66696c655f696d6167657c4e3b726f6c655f69647c733a313a2233223b69735f6f6e6c696e657c733a313a2230223b637265617465645f61747c4e3b5f5f63695f6c6173745f726567656e65726174657c693a313637373531363131353b),
('3eu8lenuu68rlue30negcj267glrf9v2', '::1', 1677942985, 0x757365725f69647c733a323a223536223b757365726e616d657c733a31353a22696e666f40776562687574732e696e223b656d61696c7c733a31353a22696e666f40776562687574732e696e223b70617373776f72647c733a333a22313233223b66756c6c5f6e616d657c4e3b70726f66696c657c4e3b61626f75745f757365727c4e3b73746174655f69647c4e3b636974795f69647c4e3b636f757273655f69647c4e3b6c616e646d61726b7c4e3b70726f66696c655f696d6167657c4e3b726f6c655f69647c733a313a2233223b70617373696e675f796561727c4e3b70686f6e657c4e3b69735f6f6e6c696e657c733a313a2231223b637265617465645f61747c4e3b5f5f63695f6c6173745f726567656e65726174657c693a313637373934323938353b636172745f6974656d737c613a303a7b7d706c616e5f646174617c613a303a7b7d6d6174657269616c5f646174617c613a303a7b7d),
('3i1nn47nut8ot0isqrvmi3qhod8mc9pf', '::1', 1677924344, 0x757365725f69647c733a323a223536223b757365726e616d657c733a31353a22696e666f40776562687574732e696e223b656d61696c7c733a31353a22696e666f40776562687574732e696e223b70617373776f72647c733a333a22313233223b66756c6c5f6e616d657c4e3b70726f66696c657c4e3b61626f75745f757365727c4e3b73746174655f69647c4e3b636974795f69647c4e3b636f757273655f69647c4e3b6c616e646d61726b7c4e3b70726f66696c655f696d6167657c4e3b726f6c655f69647c733a313a2233223b70617373696e675f796561727c4e3b70686f6e657c4e3b69735f6f6e6c696e657c733a313a2230223b637265617465645f61747c4e3b5f5f63695f6c6173745f726567656e65726174657c693a313637373932343334343b),
('42d5v6fc7gnih48quvbtch1a1lhrtg30', '::1', 1677920487, 0x757365725f69647c733a323a223536223b757365726e616d657c733a31353a22696e666f40776562687574732e696e223b656d61696c7c733a31353a22696e666f40776562687574732e696e223b70617373776f72647c733a333a22313233223b66756c6c5f6e616d657c4e3b70726f66696c657c4e3b61626f75745f757365727c4e3b73746174655f69647c4e3b636974795f69647c4e3b636f757273655f69647c4e3b6c616e646d61726b7c4e3b70726f66696c655f696d6167657c4e3b726f6c655f69647c733a313a2233223b70617373696e675f796561727c4e3b70686f6e657c4e3b69735f6f6e6c696e657c733a313a2231223b637265617465645f61747c4e3b5f5f63695f6c6173745f726567656e65726174657c693a313637373932303438373b),
('4an8p73ceh6b7p0iu7pp3hq6lnoccm7o', '::1', 1677400937, 0x5f5f63695f6c6173745f726567656e65726174657c693a313637373430303933373b757365725f646174617c613a31353a7b733a373a22757365725f6964223b733a323a223539223b733a383a22757365726e616d65223b733a31383a226d656e746f722d3140676d61696c2e636f6d223b733a353a22656d61696c223b733a31383a226d656e746f722d3140676d61696c2e636f6d223b733a383a2270617373776f7264223b733a333a22313233223b733a393a2266756c6c5f6e616d65223b733a383a224d656e746f722d31223b733a373a2270726f66696c65223b733a313a2230223b733a31303a2261626f75745f75736572223b4e3b733a383a2273746174655f6964223b733a313a2231223b733a373a22636974795f6964223b733a313a2235223b733a393a22636f757273655f6964223b733a313a2233223b733a383a226c616e646d61726b223b733a353a224e6f696461223b733a31333a2270726f66696c655f696d616765223b4e3b733a373a22726f6c655f6964223b733a313a2232223b733a393a2269735f6f6e6c696e65223b733a313a2231223b733a31303a22637265617465645f6174223b4e3b7d),
('4drnvlv20qkchqmj5iohvpcar7bc1el0', '::1', 1677926724, 0x757365725f69647c733a323a223536223b757365726e616d657c733a31353a22696e666f40776562687574732e696e223b656d61696c7c733a31353a22696e666f40776562687574732e696e223b70617373776f72647c733a333a22313233223b66756c6c5f6e616d657c4e3b70726f66696c657c4e3b61626f75745f757365727c4e3b73746174655f69647c4e3b636974795f69647c4e3b636f757273655f69647c4e3b6c616e646d61726b7c4e3b70726f66696c655f696d6167657c4e3b726f6c655f69647c733a313a2233223b70617373696e675f796561727c4e3b70686f6e657c4e3b69735f6f6e6c696e657c733a313a2230223b637265617465645f61747c4e3b5f5f63695f6c6173745f726567656e65726174657c693a313637373932363732343b6d6174657269616c5f646174617c613a303a7b7d706c616e5f646174617c613a303a7b7d636172745f6974656d737c613a323a7b693a303b613a373a7b733a31303a227061636b6167655f6964223b733a32303a2246756e64616d656e74616c20436f6d7075746572223b733a373a22616d6d6f756e74223b733a333a22353030223b733a373a22757365725f6964223b733a323a223536223b733a31303a22637265617465645f6f6e223b733a31303a22323032332d30332d3034223b733a363a22737461747573223b693a313b733a343a2274797065223b693a323b733a31313a226d6174657269616c5f6964223b733a313a2236223b7d693a313b613a373a7b733a31303a227061636b6167655f6964223b733a31333a2254657374204d6174657269616c223b733a373a22616d6d6f756e74223b733a333a22353030223b733a373a22757365725f6964223b733a323a223536223b733a31303a22637265617465645f6f6e223b733a31303a22323032332d30332d3034223b733a363a22737461747573223b693a313b733a343a2274797065223b693a323b733a31313a226d6174657269616c5f6964223b733a313a2238223b7d7d),
('5ef9taaqkaf2vianlavrt5tr8vba1m9h', '::1', 1677946126, 0x5f5f63695f6c6173745f726567656e65726174657c693a313637373934363132363b757365725f646174617c613a31373a7b733a373a22757365725f6964223b733a323a223534223b733a383a22757365726e616d65223b733a31373a227368656b68617240676d61696c2e636f6d223b733a353a22656d61696c223b733a31373a227368656b68617240676d61696c2e636f6d223b733a383a2270617373776f7264223b733a333a22313233223b733a393a2266756c6c5f6e616d65223b733a373a225368656b686172223b733a373a2270726f66696c65223b733a313a2230223b733a31303a2261626f75745f75736572223b4e3b733a383a2273746174655f6964223b733a313a2231223b733a373a22636974795f6964223b733a313a2235223b733a393a22636f757273655f6964223b733a313a2231223b733a383a226c616e646d61726b223b733a353a224e6f696461223b733a31333a2270726f66696c655f696d616765223b4e3b733a373a22726f6c655f6964223b733a313a2232223b733a31323a2270617373696e675f79656172223b4e3b733a353a2270686f6e65223b4e3b733a393a2269735f6f6e6c696e65223b733a313a2231223b733a31303a22637265617465645f6174223b733a31393a22323032332d30322d32352031353a34343a3335223b7d),
('5poogk4lu42gu2hgekeqkvk1a2rh8j0e', '::1', 1677512915, 0x5f5f63695f6c6173745f726567656e65726174657c693a313637373531323931353b),
('65auqbt2ub6umf8mphrl22nvp39vmg62', '::1', 1677518566, 0x757365725f69647c733a323a223536223b757365726e616d657c733a31353a22696e666f40776562687574732e696e223b656d61696c7c733a31353a22696e666f40776562687574732e696e223b70617373776f72647c733a333a22313233223b66756c6c5f6e616d657c4e3b70726f66696c657c4e3b61626f75745f757365727c4e3b73746174655f69647c4e3b636974795f69647c4e3b636f757273655f69647c4e3b6c616e646d61726b7c4e3b70726f66696c655f696d6167657c4e3b726f6c655f69647c733a313a2233223b69735f6f6e6c696e657c733a313a2230223b637265617465645f61747c4e3b5f5f63695f6c6173745f726567656e65726174657c693a313637373531383536363b6d6174657269616c5f646174617c613a303a7b7d),
('6jgnlltefaq9b8fvdqthoiudj039ekja', '::1', 1677606355, 0x757365725f69647c733a323a223536223b757365726e616d657c733a31353a22696e666f40776562687574732e696e223b656d61696c7c733a31353a22696e666f40776562687574732e696e223b70617373776f72647c733a333a22313233223b66756c6c5f6e616d657c4e3b70726f66696c657c4e3b61626f75745f757365727c4e3b73746174655f69647c4e3b636974795f69647c4e3b636f757273655f69647c4e3b6c616e646d61726b7c4e3b70726f66696c655f696d6167657c4e3b726f6c655f69647c733a313a2233223b70617373696e675f796561727c4e3b70686f6e657c4e3b69735f6f6e6c696e657c733a313a2230223b637265617465645f61747c4e3b5f5f63695f6c6173745f726567656e65726174657c693a313637373630363335353b6d6174657269616c5f646174617c613a303a7b7d706c616e5f646174617c613a303a7b7d),
('6n8k6pn7gt8gcu66e74cb9c9kbpgducn', '::1', 1677519172, 0x5f5f63695f6c6173745f726567656e65726174657c693a313637373531393137323b757365725f646174617c613a31353a7b733a373a22757365725f6964223b733a313a2237223b733a383a22757365726e616d65223b733a353a2261646d696e223b733a353a22656d61696c223b733a31353a2261646d696e40676d61696c2e636f6d223b733a383a2270617373776f7264223b733a333a22313233223b733a393a2266756c6c5f6e616d65223b733a353a2241646d696e223b733a373a2270726f66696c65223b733a313a2230223b733a31303a2261626f75745f75736572223b4e3b733a383a2273746174655f6964223b733a313a2231223b733a373a22636974795f6964223b733a313a2235223b733a393a22636f757273655f6964223b733a313a2231223b733a383a226c616e646d61726b223b733a393a226d616e696e61676172223b733a31333a2270726f66696c655f696d616765223b4e3b733a373a22726f6c655f6964223b733a313a2231223b733a393a2269735f6f6e6c696e65223b733a313a2231223b733a31303a22637265617465645f6174223b733a31393a22323032332d30322d32342032323a34373a3534223b7d),
('6u9klg1o0el594ftpflog04gb6qlnn6v', '::1', 1677399342, 0x5f5f63695f6c6173745f726567656e65726174657c693a313637373339393334323b757365725f646174617c613a31353a7b733a373a22757365725f6964223b733a313a2237223b733a383a22757365726e616d65223b733a353a2261646d696e223b733a353a22656d61696c223b733a31353a2261646d696e40676d61696c2e636f6d223b733a383a2270617373776f7264223b733a333a22313233223b733a393a2266756c6c5f6e616d65223b733a353a2241646d696e223b733a373a2270726f66696c65223b733a313a2230223b733a31303a2261626f75745f75736572223b4e3b733a383a2273746174655f6964223b733a313a2231223b733a373a22636974795f6964223b733a313a2235223b733a393a22636f757273655f6964223b733a313a2231223b733a383a226c616e646d61726b223b733a393a226d616e696e61676172223b733a31333a2270726f66696c655f696d616765223b4e3b733a373a22726f6c655f6964223b733a313a2231223b733a393a2269735f6f6e6c696e65223b733a313a2231223b733a31303a22637265617465645f6174223b733a31393a22323032332d30322d32342032323a34373a3534223b7d),
('73qg0qt76a60qf8n8ogo71v4uenl9s3g', '::1', 1677517490, 0x5f5f63695f6c6173745f726567656e65726174657c693a313637373531373439303b757365725f646174617c613a31353a7b733a373a22757365725f6964223b733a313a2237223b733a383a22757365726e616d65223b733a353a2261646d696e223b733a353a22656d61696c223b733a31353a2261646d696e40676d61696c2e636f6d223b733a383a2270617373776f7264223b733a333a22313233223b733a393a2266756c6c5f6e616d65223b733a353a2241646d696e223b733a373a2270726f66696c65223b733a313a2230223b733a31303a2261626f75745f75736572223b4e3b733a383a2273746174655f6964223b733a313a2231223b733a373a22636974795f6964223b733a313a2235223b733a393a22636f757273655f6964223b733a313a2231223b733a383a226c616e646d61726b223b733a393a226d616e696e61676172223b733a31333a2270726f66696c655f696d616765223b4e3b733a373a22726f6c655f6964223b733a313a2231223b733a393a2269735f6f6e6c696e65223b733a313a2231223b733a31303a22637265617465645f6174223b733a31393a22323032332d30322d32342032323a34373a3534223b7d),
('7cs4rko646bbiiolkc1vo89lib84v14u', '::1', 1681216220, 0x5f5f63695f6c6173745f726567656e65726174657c693a313638313231363232303b),
('7p84dh08l8m085747etjcdunjml1a4v5', '::1', 1677947593, 0x757365725f69647c733a323a223536223b757365726e616d657c733a31353a22696e666f40776562687574732e696e223b656d61696c7c733a31353a22696e666f40776562687574732e696e223b70617373776f72647c733a333a22313233223b66756c6c5f6e616d657c733a373a224368616e647261223b70726f66696c657c4e3b61626f75745f757365727c4e3b73746174655f69647c4e3b636974795f69647c4e3b636f757273655f69647c4e3b6c616e646d61726b7c4e3b70726f66696c655f696d6167657c4e3b726f6c655f69647c733a313a2233223b70617373696e675f796561727c4e3b70686f6e657c4e3b69735f6f6e6c696e657c733a313a2231223b637265617465645f61747c4e3b5f5f63695f6c6173745f726567656e65726174657c693a313637373934373538323b636172745f6974656d737c613a303a7b7d706c616e5f646174617c613a303a7b7d6d6174657269616c5f646174617c613a303a7b7d),
('82e4ai8d62402jmcukpcjqb1bk51dei3', '::1', 1677921539, 0x5f5f63695f6c6173745f726567656e65726174657c693a313637373932313533393b),
('863l8pbfpuf7d1c4n3dro1hdcul4g9h3', '::1', 1677516611, 0x5f5f63695f6c6173745f726567656e65726174657c693a313637373531363631313b757365725f646174617c613a31353a7b733a373a22757365725f6964223b733a313a2237223b733a383a22757365726e616d65223b733a353a2261646d696e223b733a353a22656d61696c223b733a31353a2261646d696e40676d61696c2e636f6d223b733a383a2270617373776f7264223b733a333a22313233223b733a393a2266756c6c5f6e616d65223b733a353a2241646d696e223b733a373a2270726f66696c65223b733a313a2230223b733a31303a2261626f75745f75736572223b4e3b733a383a2273746174655f6964223b733a313a2231223b733a373a22636974795f6964223b733a313a2235223b733a393a22636f757273655f6964223b733a313a2231223b733a383a226c616e646d61726b223b733a393a226d616e696e61676172223b733a31333a2270726f66696c655f696d616765223b4e3b733a373a22726f6c655f6964223b733a313a2231223b733a393a2269735f6f6e6c696e65223b733a313a2231223b733a31303a22637265617465645f6174223b733a31393a22323032332d30322d32342032323a34373a3534223b7d),
('89qhenmqig0tni504aek2j4e75vsui9n', '::1', 1677522733, 0x757365725f69647c733a323a223536223b757365726e616d657c733a31353a22696e666f40776562687574732e696e223b656d61696c7c733a31353a22696e666f40776562687574732e696e223b70617373776f72647c733a333a22313233223b66756c6c5f6e616d657c4e3b70726f66696c657c4e3b61626f75745f757365727c4e3b73746174655f69647c4e3b636974795f69647c4e3b636f757273655f69647c4e3b6c616e646d61726b7c4e3b70726f66696c655f696d6167657c4e3b726f6c655f69647c733a313a2233223b69735f6f6e6c696e657c733a313a2230223b637265617465645f61747c4e3b5f5f63695f6c6173745f726567656e65726174657c693a313637373532323733333b6d6174657269616c5f646174617c613a303a7b7d),
('8i1ldmiolmb7l7v2cbcgdf4skc0sf02m', '::1', 1677927414, 0x5f5f63695f6c6173745f726567656e65726174657c693a313637373932373336323b757365725f646174617c613a31373a7b733a373a22757365725f6964223b733a313a2237223b733a383a22757365726e616d65223b733a353a2261646d696e223b733a353a22656d61696c223b733a31353a2261646d696e40676d61696c2e636f6d223b733a383a2270617373776f7264223b733a333a22313233223b733a393a2266756c6c5f6e616d65223b733a353a2241646d696e223b733a373a2270726f66696c65223b733a313a2230223b733a31303a2261626f75745f75736572223b4e3b733a383a2273746174655f6964223b733a313a2231223b733a373a22636974795f6964223b733a313a2235223b733a393a22636f757273655f6964223b733a313a2231223b733a383a226c616e646d61726b223b733a393a226d616e696e61676172223b733a31333a2270726f66696c655f696d616765223b4e3b733a373a22726f6c655f6964223b733a313a2231223b733a31323a2270617373696e675f79656172223b4e3b733a353a2270686f6e65223b4e3b733a393a2269735f6f6e6c696e65223b733a313a2231223b733a31303a22637265617465645f6174223b733a31393a22323032332d30322d32342031373a31373a3534223b7d),
('95un8qda6b62entcg29qledu57srdjlh', '::1', 1677520496, 0x5f5f63695f6c6173745f726567656e65726174657c693a313637373532303439363b757365725f646174617c613a31353a7b733a373a22757365725f6964223b733a313a2237223b733a383a22757365726e616d65223b733a353a2261646d696e223b733a353a22656d61696c223b733a31353a2261646d696e40676d61696c2e636f6d223b733a383a2270617373776f7264223b733a333a22313233223b733a393a2266756c6c5f6e616d65223b733a353a2241646d696e223b733a373a2270726f66696c65223b733a313a2230223b733a31303a2261626f75745f75736572223b4e3b733a383a2273746174655f6964223b733a313a2231223b733a373a22636974795f6964223b733a313a2235223b733a393a22636f757273655f6964223b733a313a2231223b733a383a226c616e646d61726b223b733a393a226d616e696e61676172223b733a31333a2270726f66696c655f696d616765223b4e3b733a373a22726f6c655f6964223b733a313a2231223b733a393a2269735f6f6e6c696e65223b733a313a2231223b733a31303a22637265617465645f6174223b733a31393a22323032332d30322d32342032323a34373a3534223b7d),
('97b9m2pookehbkjiutc21929t7v7l9jd', '::1', 1677599555, 0x5f5f63695f6c6173745f726567656e65726174657c693a313637373539393535353b757365725f646174617c613a31353a7b733a373a22757365725f6964223b733a313a2237223b733a383a22757365726e616d65223b733a353a2261646d696e223b733a353a22656d61696c223b733a31353a2261646d696e40676d61696c2e636f6d223b733a383a2270617373776f7264223b733a333a22313233223b733a393a2266756c6c5f6e616d65223b733a353a2241646d696e223b733a373a2270726f66696c65223b733a313a2230223b733a31303a2261626f75745f75736572223b4e3b733a383a2273746174655f6964223b733a313a2231223b733a373a22636974795f6964223b733a313a2235223b733a393a22636f757273655f6964223b733a313a2231223b733a383a226c616e646d61726b223b733a393a226d616e696e61676172223b733a31333a2270726f66696c655f696d616765223b4e3b733a373a22726f6c655f6964223b733a313a2231223b733a393a2269735f6f6e6c696e65223b733a313a2231223b733a31303a22637265617465645f6174223b733a31393a22323032332d30322d32342032323a34373a3534223b7d),
('9daskl58flir86genuodocu3f6mi5qtk', '::1', 1677922220, 0x757365725f69647c733a323a223536223b757365726e616d657c733a31353a22696e666f40776562687574732e696e223b656d61696c7c733a31353a22696e666f40776562687574732e696e223b70617373776f72647c733a333a22313233223b66756c6c5f6e616d657c4e3b70726f66696c657c4e3b61626f75745f757365727c4e3b73746174655f69647c4e3b636974795f69647c4e3b636f757273655f69647c4e3b6c616e646d61726b7c4e3b70726f66696c655f696d6167657c4e3b726f6c655f69647c733a313a2233223b70617373696e675f796561727c4e3b70686f6e657c4e3b69735f6f6e6c696e657c733a313a2230223b637265617465645f61747c4e3b5f5f63695f6c6173745f726567656e65726174657c693a313637373932323232303b),
('9ott4cf9o286v3lq1isbggt0ftet55ji', '::1', 1677402546, 0x5f5f63695f6c6173745f726567656e65726174657c693a313637373430323534363b757365725f646174617c613a31353a7b733a373a22757365725f6964223b733a313a2237223b733a383a22757365726e616d65223b733a353a2261646d696e223b733a353a22656d61696c223b733a31353a2261646d696e40676d61696c2e636f6d223b733a383a2270617373776f7264223b733a333a22313233223b733a393a2266756c6c5f6e616d65223b733a353a2241646d696e223b733a373a2270726f66696c65223b733a313a2230223b733a31303a2261626f75745f75736572223b4e3b733a383a2273746174655f6964223b733a313a2231223b733a373a22636974795f6964223b733a313a2235223b733a393a22636f757273655f6964223b733a313a2231223b733a383a226c616e646d61726b223b733a393a226d616e696e61676172223b733a31333a2270726f66696c655f696d616765223b4e3b733a373a22726f6c655f6964223b733a313a2231223b733a393a2269735f6f6e6c696e65223b733a313a2231223b733a31303a22637265617465645f6174223b733a31393a22323032332d30322d32342032323a34373a3534223b7d),
('9tf8jv1hj9r8kciok846hptrq468632r', '::1', 1677606049, 0x757365725f69647c733a323a223536223b757365726e616d657c733a31353a22696e666f40776562687574732e696e223b656d61696c7c733a31353a22696e666f40776562687574732e696e223b70617373776f72647c733a333a22313233223b66756c6c5f6e616d657c4e3b70726f66696c657c4e3b61626f75745f757365727c4e3b73746174655f69647c4e3b636974795f69647c4e3b636f757273655f69647c4e3b6c616e646d61726b7c4e3b70726f66696c655f696d6167657c4e3b726f6c655f69647c733a313a2233223b70617373696e675f796561727c4e3b70686f6e657c4e3b69735f6f6e6c696e657c733a313a2230223b637265617465645f61747c4e3b5f5f63695f6c6173745f726567656e65726174657c693a313637373630363034393b6d6174657269616c5f646174617c613a303a7b7d706c616e5f646174617c613a303a7b7d),
('9vckf7ljiuldf0l4chn252b5hu8rgjtr', '::1', 1677408230, 0x5f5f63695f6c6173745f726567656e65726174657c693a313637373430383233303b),
('a0b93n4lme4eljbrqk7qiqvh10bh075m', '::1', 1677923685, 0x757365725f69647c733a323a223536223b757365726e616d657c733a31353a22696e666f40776562687574732e696e223b656d61696c7c733a31353a22696e666f40776562687574732e696e223b70617373776f72647c733a333a22313233223b66756c6c5f6e616d657c4e3b70726f66696c657c4e3b61626f75745f757365727c4e3b73746174655f69647c4e3b636974795f69647c4e3b636f757273655f69647c4e3b6c616e646d61726b7c4e3b70726f66696c655f696d6167657c4e3b726f6c655f69647c733a313a2233223b70617373696e675f796561727c4e3b70686f6e657c4e3b69735f6f6e6c696e657c733a313a2230223b637265617465645f61747c4e3b5f5f63695f6c6173745f726567656e65726174657c693a313637373932333638353b),
('a20rdqo9b2mk0lcrt4kjmru07doe4rb1', '::1', 1677598568, 0x5f5f63695f6c6173745f726567656e65726174657c693a313637373539383536383b757365725f646174617c613a31353a7b733a373a22757365725f6964223b733a313a2237223b733a383a22757365726e616d65223b733a353a2261646d696e223b733a353a22656d61696c223b733a31353a2261646d696e40676d61696c2e636f6d223b733a383a2270617373776f7264223b733a333a22313233223b733a393a2266756c6c5f6e616d65223b733a353a2241646d696e223b733a373a2270726f66696c65223b733a313a2230223b733a31303a2261626f75745f75736572223b4e3b733a383a2273746174655f6964223b733a313a2231223b733a373a22636974795f6964223b733a313a2235223b733a393a22636f757273655f6964223b733a313a2231223b733a383a226c616e646d61726b223b733a393a226d616e696e61676172223b733a31333a2270726f66696c655f696d616765223b4e3b733a373a22726f6c655f6964223b733a313a2231223b733a393a2269735f6f6e6c696e65223b733a313a2231223b733a31303a22637265617465645f6174223b733a31393a22323032332d30322d32342032323a34373a3534223b7d),
('abc7gabritnj75p9s5d0u51ituj6rjju', '::1', 1677925001, 0x757365725f69647c733a323a223536223b757365726e616d657c733a31353a22696e666f40776562687574732e696e223b656d61696c7c733a31353a22696e666f40776562687574732e696e223b70617373776f72647c733a333a22313233223b66756c6c5f6e616d657c4e3b70726f66696c657c4e3b61626f75745f757365727c4e3b73746174655f69647c4e3b636974795f69647c4e3b636f757273655f69647c4e3b6c616e646d61726b7c4e3b70726f66696c655f696d6167657c4e3b726f6c655f69647c733a313a2233223b70617373696e675f796561727c4e3b70686f6e657c4e3b69735f6f6e6c696e657c733a313a2230223b637265617465645f61747c4e3b5f5f63695f6c6173745f726567656e65726174657c693a313637373932353030313b6d6174657269616c5f646174617c613a343a7b733a31313a226d6174657269616c5f6964223b733a313a2237223b733a353a227469746c65223b733a31333a2254657374204d6174657269616c223b733a373a22616d6d6f756e74223b733a333a22353030223b733a343a2274797065223b693a323b7d),
('abrh9k4d40aspq9p0ejfdadpcr585mg7', '::1', 1677602978, 0x757365725f69647c733a323a223536223b757365726e616d657c733a31353a22696e666f40776562687574732e696e223b656d61696c7c733a31353a22696e666f40776562687574732e696e223b70617373776f72647c733a333a22313233223b66756c6c5f6e616d657c4e3b70726f66696c657c4e3b61626f75745f757365727c4e3b73746174655f69647c4e3b636974795f69647c4e3b636f757273655f69647c4e3b6c616e646d61726b7c4e3b70726f66696c655f696d6167657c4e3b726f6c655f69647c733a313a2233223b70617373696e675f796561727c4e3b70686f6e657c4e3b69735f6f6e6c696e657c733a313a2230223b637265617465645f61747c4e3b5f5f63695f6c6173745f726567656e65726174657c693a313637373630323937383b),
('ae19dqoe9an3qhuk2c0siai2crq1j4ub', '::1', 1677408230, 0x5f5f63695f6c6173745f726567656e65726174657c693a313637373430383233303b),
('aoonq4nqjtct7g7c1hbb2nb29oji0fqe', '::1', 1677398244, 0x5f5f63695f6c6173745f726567656e65726174657c693a313637373339383234343b757365725f646174617c613a31353a7b733a373a22757365725f6964223b733a313a2237223b733a383a22757365726e616d65223b733a353a2261646d696e223b733a353a22656d61696c223b733a31353a2261646d696e40676d61696c2e636f6d223b733a383a2270617373776f7264223b733a333a22313233223b733a393a2266756c6c5f6e616d65223b733a353a2241646d696e223b733a373a2270726f66696c65223b733a313a2230223b733a31303a2261626f75745f75736572223b4e3b733a383a2273746174655f6964223b733a313a2231223b733a373a22636974795f6964223b733a313a2235223b733a393a22636f757273655f6964223b733a313a2231223b733a383a226c616e646d61726b223b733a393a226d616e696e61676172223b733a31333a2270726f66696c655f696d616765223b4e3b733a373a22726f6c655f6964223b733a313a2231223b733a393a2269735f6f6e6c696e65223b733a313a2231223b733a31303a22637265617465645f6174223b733a31393a22323032332d30322d32342032323a34373a3534223b7d),
('auj7dcsstup64a90qpjbsng1mvhsoe2m', '::1', 1677514034, 0x757365725f69647c733a323a223536223b757365726e616d657c733a31353a22696e666f40776562687574732e696e223b656d61696c7c733a31353a22696e666f40776562687574732e696e223b70617373776f72647c733a333a22313233223b66756c6c5f6e616d657c4e3b70726f66696c657c4e3b61626f75745f757365727c4e3b73746174655f69647c4e3b636974795f69647c4e3b636f757273655f69647c4e3b6c616e646d61726b7c4e3b70726f66696c655f696d6167657c4e3b726f6c655f69647c733a313a2233223b69735f6f6e6c696e657c733a313a2230223b637265617465645f61747c4e3b5f5f63695f6c6173745f726567656e65726174657c693a313637373531343033343b),
('b2abbgnh51mqdd1g9di5t5pikdm4antk', '::1', 1677397367, 0x5f5f63695f6c6173745f726567656e65726174657c693a313637373339373336373b),
('bfd971cl6g3faap2vvbsf90osuqe8ql9', '::1', 1677512796, 0x5f5f63695f6c6173745f726567656e65726174657c693a313637373531323739363b),
('bj8mk40ijojpna3djho4t7c00mhl7jd1', '::1', 1677402582, 0x5f5f63695f6c6173745f726567656e65726174657c693a313637373430323534363b757365725f646174617c613a31353a7b733a373a22757365725f6964223b733a313a2237223b733a383a22757365726e616d65223b733a353a2261646d696e223b733a353a22656d61696c223b733a31353a2261646d696e40676d61696c2e636f6d223b733a383a2270617373776f7264223b733a333a22313233223b733a393a2266756c6c5f6e616d65223b733a353a2241646d696e223b733a373a2270726f66696c65223b733a313a2230223b733a31303a2261626f75745f75736572223b4e3b733a383a2273746174655f6964223b733a313a2231223b733a373a22636974795f6964223b733a313a2235223b733a393a22636f757273655f6964223b733a313a2231223b733a383a226c616e646d61726b223b733a393a226d616e696e61676172223b733a31333a2270726f66696c655f696d616765223b4e3b733a373a22726f6c655f6964223b733a313a2231223b733a393a2269735f6f6e6c696e65223b733a313a2231223b733a31303a22637265617465645f6174223b733a31393a22323032332d30322d32342032323a34373a3534223b7d),
('bptgooh7e9vebsr09dvfoffouoqtlvbh', '::1', 1677398914, 0x5f5f63695f6c6173745f726567656e65726174657c693a313637373339383931343b757365725f646174617c613a31353a7b733a373a22757365725f6964223b733a313a2237223b733a383a22757365726e616d65223b733a353a2261646d696e223b733a353a22656d61696c223b733a31353a2261646d696e40676d61696c2e636f6d223b733a383a2270617373776f7264223b733a333a22313233223b733a393a2266756c6c5f6e616d65223b733a353a2241646d696e223b733a373a2270726f66696c65223b733a313a2230223b733a31303a2261626f75745f75736572223b4e3b733a383a2273746174655f6964223b733a313a2231223b733a373a22636974795f6964223b733a313a2235223b733a393a22636f757273655f6964223b733a313a2231223b733a383a226c616e646d61726b223b733a393a226d616e696e61676172223b733a31333a2270726f66696c655f696d616765223b4e3b733a373a22726f6c655f6964223b733a313a2231223b733a393a2269735f6f6e6c696e65223b733a313a2231223b733a31303a22637265617465645f6174223b733a31393a22323032332d30322d32342032323a34373a3534223b7d),
('bvi1hr541ariv0t1e4l9c7160n6mb7sj', '::1', 1677402962, 0x757365725f69647c733a323a223536223b757365726e616d657c733a31353a22696e666f40776562687574732e696e223b656d61696c7c733a31353a22696e666f40776562687574732e696e223b70617373776f72647c733a333a22313233223b66756c6c5f6e616d657c4e3b70726f66696c657c4e3b61626f75745f757365727c4e3b73746174655f69647c4e3b636974795f69647c4e3b636f757273655f69647c4e3b6c616e646d61726b7c4e3b70726f66696c655f696d6167657c4e3b726f6c655f69647c733a313a2233223b69735f6f6e6c696e657c733a313a2231223b637265617465645f61747c4e3b5f5f63695f6c6173745f726567656e65726174657c693a313637373430323936323b),
('c1a403ulo6ollqjvj4kmnqefpdbrbcer', '::1', 1677399722, 0x5f5f63695f6c6173745f726567656e65726174657c693a313637373339393732323b757365725f646174617c613a31353a7b733a373a22757365725f6964223b733a323a223539223b733a383a22757365726e616d65223b733a31383a226d656e746f722d3140676d61696c2e636f6d223b733a353a22656d61696c223b733a31383a226d656e746f722d3140676d61696c2e636f6d223b733a383a2270617373776f7264223b733a333a22313233223b733a393a2266756c6c5f6e616d65223b733a383a224d656e746f722d31223b733a373a2270726f66696c65223b733a313a2230223b733a31303a2261626f75745f75736572223b4e3b733a383a2273746174655f6964223b733a313a2231223b733a373a22636974795f6964223b733a313a2235223b733a393a22636f757273655f6964223b733a313a2233223b733a383a226c616e646d61726b223b733a353a224e6f696461223b733a31333a2270726f66696c655f696d616765223b4e3b733a373a22726f6c655f6964223b733a313a2232223b733a393a2269735f6f6e6c696e65223b733a313a2231223b733a31303a22637265617465645f6174223b4e3b7d),
('c1bnfcphlbjfk46pjfi55pfs7kanu9e2', '::1', 1677398600, 0x5f5f63695f6c6173745f726567656e65726174657c693a313637373339383630303b757365725f646174617c613a31353a7b733a373a22757365725f6964223b733a313a2237223b733a383a22757365726e616d65223b733a353a2261646d696e223b733a353a22656d61696c223b733a31353a2261646d696e40676d61696c2e636f6d223b733a383a2270617373776f7264223b733a333a22313233223b733a393a2266756c6c5f6e616d65223b733a353a2241646d696e223b733a373a2270726f66696c65223b733a313a2230223b733a31303a2261626f75745f75736572223b4e3b733a383a2273746174655f6964223b733a313a2231223b733a373a22636974795f6964223b733a313a2235223b733a393a22636f757273655f6964223b733a313a2231223b733a383a226c616e646d61726b223b733a393a226d616e696e61676172223b733a31333a2270726f66696c655f696d616765223b4e3b733a373a22726f6c655f6964223b733a313a2231223b733a393a2269735f6f6e6c696e65223b733a313a2231223b733a31303a22637265617465645f6174223b733a31393a22323032332d30322d32342032323a34373a3534223b7d),
('cvunat07bcriubttfak44a6oj3ljd666', '::1', 1677605227, 0x757365725f69647c733a323a223536223b757365726e616d657c733a31353a22696e666f40776562687574732e696e223b656d61696c7c733a31353a22696e666f40776562687574732e696e223b70617373776f72647c733a333a22313233223b66756c6c5f6e616d657c4e3b70726f66696c657c4e3b61626f75745f757365727c4e3b73746174655f69647c4e3b636974795f69647c4e3b636f757273655f69647c4e3b6c616e646d61726b7c4e3b70726f66696c655f696d6167657c4e3b726f6c655f69647c733a313a2233223b70617373696e675f796561727c4e3b70686f6e657c4e3b69735f6f6e6c696e657c733a313a2230223b637265617465645f61747c4e3b5f5f63695f6c6173745f726567656e65726174657c693a313637373630353232373b6d6174657269616c5f646174617c613a333a7b733a31313a226d6174657269616c5f6964223b733a32303a2246756e64616d656e74616c20436f6d7075746572223b733a373a22616d6d6f756e74223b733a333a22353030223b733a343a2274797065223b693a323b7d),
('d74hgaokn99n0j7u8smmat2660gpgtbv', '::1', 1677689712, 0x5f5f63695f6c6173745f726567656e65726174657c693a313637373638393731323b),
('dblsu6c84qa5ia8brppdtinqufocchu1', '::1', 1677518860, 0x5f5f63695f6c6173745f726567656e65726174657c693a313637373531383836303b757365725f646174617c613a31353a7b733a373a22757365725f6964223b733a313a2237223b733a383a22757365726e616d65223b733a353a2261646d696e223b733a353a22656d61696c223b733a31353a2261646d696e40676d61696c2e636f6d223b733a383a2270617373776f7264223b733a333a22313233223b733a393a2266756c6c5f6e616d65223b733a353a2241646d696e223b733a373a2270726f66696c65223b733a313a2230223b733a31303a2261626f75745f75736572223b4e3b733a383a2273746174655f6964223b733a313a2231223b733a373a22636974795f6964223b733a313a2235223b733a393a22636f757273655f6964223b733a313a2231223b733a383a226c616e646d61726b223b733a393a226d616e696e61676172223b733a31333a2270726f66696c655f696d616765223b4e3b733a373a22726f6c655f6964223b733a313a2231223b733a393a2269735f6f6e6c696e65223b733a313a2231223b733a31303a22637265617465645f6174223b733a31393a22323032332d30322d32342032323a34373a3534223b7d),
('doa09fn5k43d5jvvmakufrb6dqtgs1o4', '::1', 1677521179, 0x5f5f63695f6c6173745f726567656e65726174657c693a313637373532313137393b757365725f646174617c613a31353a7b733a373a22757365725f6964223b733a313a2237223b733a383a22757365726e616d65223b733a353a2261646d696e223b733a353a22656d61696c223b733a31353a2261646d696e40676d61696c2e636f6d223b733a383a2270617373776f7264223b733a333a22313233223b733a393a2266756c6c5f6e616d65223b733a353a2241646d696e223b733a373a2270726f66696c65223b733a313a2230223b733a31303a2261626f75745f75736572223b4e3b733a383a2273746174655f6964223b733a313a2231223b733a373a22636974795f6964223b733a313a2235223b733a393a22636f757273655f6964223b733a313a2231223b733a383a226c616e646d61726b223b733a393a226d616e696e61676172223b733a31333a2270726f66696c655f696d616765223b4e3b733a373a22726f6c655f6964223b733a313a2231223b733a393a2269735f6f6e6c696e65223b733a313a2231223b733a31303a22637265617465645f6174223b733a31393a22323032332d30322d32342032323a34373a3534223b7d),
('dojg0e2stf7jo3uj3crb03sro1eu2i7t', '::1', 1677516461, 0x757365725f69647c733a323a223536223b757365726e616d657c733a31353a22696e666f40776562687574732e696e223b656d61696c7c733a31353a22696e666f40776562687574732e696e223b70617373776f72647c733a333a22313233223b66756c6c5f6e616d657c4e3b70726f66696c657c4e3b61626f75745f757365727c4e3b73746174655f69647c4e3b636974795f69647c4e3b636f757273655f69647c4e3b6c616e646d61726b7c4e3b70726f66696c655f696d6167657c4e3b726f6c655f69647c733a313a2233223b69735f6f6e6c696e657c733a313a2230223b637265617465645f61747c4e3b5f5f63695f6c6173745f726567656e65726174657c693a313637373531363436313b6d6174657269616c5f646174617c613a323a7b733a31313a226d6174657269616c5f6964223b733a313a2233223b733a373a22616d6d6f756e74223b733a353a223534363534223b7d),
('dp6i5qk9efa309i8b5s9vksdogttu7u9', '::1', 1677603362, 0x757365725f69647c733a323a223536223b757365726e616d657c733a31353a22696e666f40776562687574732e696e223b656d61696c7c733a31353a22696e666f40776562687574732e696e223b70617373776f72647c733a333a22313233223b66756c6c5f6e616d657c4e3b70726f66696c657c4e3b61626f75745f757365727c4e3b73746174655f69647c4e3b636974795f69647c4e3b636f757273655f69647c4e3b6c616e646d61726b7c4e3b70726f66696c655f696d6167657c4e3b726f6c655f69647c733a313a2233223b70617373696e675f796561727c4e3b70686f6e657c4e3b69735f6f6e6c696e657c733a313a2230223b637265617465645f61747c4e3b5f5f63695f6c6173745f726567656e65726174657c693a313637373630333336323b),
('dvcdc3coq2fbbjbr8hg48f2av7ihinog', '::1', 1677920077, 0x5f5f63695f6c6173745f726567656e65726174657c693a313637373932303033313b),
('e0kar8g2kmqtv742v0bv5ajunaaqfgag', '::1', 1677403383, 0x5f5f63695f6c6173745f726567656e65726174657c693a313637373430333338333b),
('e45ral3a30c8oq52h9gugtctuf2om3ne', '::1', 1677396406, 0x5f5f63695f6c6173745f726567656e65726174657c693a313637373339363430363b),
('ebqeegltro2nkqg5v1km7ngkufpmgv2d', '::1', 1677399340, 0x757365725f69647c733a323a223536223b757365726e616d657c733a31353a22696e666f40776562687574732e696e223b656d61696c7c733a31353a22696e666f40776562687574732e696e223b70617373776f72647c733a333a22313233223b66756c6c5f6e616d657c4e3b70726f66696c657c4e3b61626f75745f757365727c4e3b73746174655f69647c4e3b636974795f69647c4e3b636f757273655f69647c4e3b6c616e646d61726b7c4e3b70726f66696c655f696d6167657c4e3b726f6c655f69647c733a313a2233223b69735f6f6e6c696e657c733a313a2231223b637265617465645f61747c4e3b5f5f63695f6c6173745f726567656e65726174657c693a313637373339393334303b),
('eeg9t0rlaamrg90od9uivbrlp7pb9777', '::1', 1677397990, 0x5f5f63695f6c6173745f726567656e65726174657c693a313637373339373939303b),
('eondk1f8cpci137tguchb9mn22hg2jlm', '::1', 1677924043, 0x757365725f69647c733a323a223536223b757365726e616d657c733a31353a22696e666f40776562687574732e696e223b656d61696c7c733a31353a22696e666f40776562687574732e696e223b70617373776f72647c733a333a22313233223b66756c6c5f6e616d657c4e3b70726f66696c657c4e3b61626f75745f757365727c4e3b73746174655f69647c4e3b636974795f69647c4e3b636f757273655f69647c4e3b6c616e646d61726b7c4e3b70726f66696c655f696d6167657c4e3b726f6c655f69647c733a313a2233223b70617373696e675f796561727c4e3b70686f6e657c4e3b69735f6f6e6c696e657c733a313a2230223b637265617465645f61747c4e3b5f5f63695f6c6173745f726567656e65726174657c693a313637373932343034333b),
('f39u8qdmr8vf40t2nrae5viu40gap97u', '::1', 1677607154, 0x5f5f63695f6c6173745f726567656e65726174657c693a313637373630373034323b),
('fd9usba95iti1a68359jkj4aqj0kafga', '::1', 1677924685, 0x757365725f69647c733a323a223536223b757365726e616d657c733a31353a22696e666f40776562687574732e696e223b656d61696c7c733a31353a22696e666f40776562687574732e696e223b70617373776f72647c733a333a22313233223b66756c6c5f6e616d657c4e3b70726f66696c657c4e3b61626f75745f757365727c4e3b73746174655f69647c4e3b636974795f69647c4e3b636f757273655f69647c4e3b6c616e646d61726b7c4e3b70726f66696c655f696d6167657c4e3b726f6c655f69647c733a313a2233223b70617373696e675f796561727c4e3b70686f6e657c4e3b69735f6f6e6c696e657c733a313a2230223b637265617465645f61747c4e3b5f5f63695f6c6173745f726567656e65726174657c693a313637373932343638353b6d6174657269616c5f646174617c613a343a7b733a31313a226d6174657269616c5f6964223b733a313a2237223b733a353a227469746c65223b733a31333a2254657374204d6174657269616c223b733a373a22616d6d6f756e74223b733a333a22353030223b733a343a2274797065223b693a323b7d),
('fi8j26cvscck3ldiubh9qdho08pihb5f', '::1', 1677512605, 0x5f5f63695f6c6173745f726567656e65726174657c693a313637373531323630353b),
('fndssa5sa0uog2fv5fmj9nebi40q3u0t', '::1', 1677601996, 0x5f5f63695f6c6173745f726567656e65726174657c693a313637373630313939363b757365725f646174617c613a31353a7b733a373a22757365725f6964223b733a313a2237223b733a383a22757365726e616d65223b733a353a2261646d696e223b733a353a22656d61696c223b733a31353a2261646d696e40676d61696c2e636f6d223b733a383a2270617373776f7264223b733a333a22313233223b733a393a2266756c6c5f6e616d65223b733a353a2241646d696e223b733a373a2270726f66696c65223b733a313a2230223b733a31303a2261626f75745f75736572223b4e3b733a383a2273746174655f6964223b733a313a2231223b733a373a22636974795f6964223b733a313a2235223b733a393a22636f757273655f6964223b733a313a2231223b733a383a226c616e646d61726b223b733a393a226d616e696e61676172223b733a31333a2270726f66696c655f696d616765223b4e3b733a373a22726f6c655f6964223b733a313a2231223b733a393a2269735f6f6e6c696e65223b733a313a2231223b733a31303a22637265617465645f6174223b733a31393a22323032332d30322d32342032323a34373a3534223b7d),
('g12jhrodc3tlu8ubeimgtbn1p2visddl', '::1', 1677599187, 0x5f5f63695f6c6173745f726567656e65726174657c693a313637373539393138373b757365725f646174617c613a31353a7b733a373a22757365725f6964223b733a313a2237223b733a383a22757365726e616d65223b733a353a2261646d696e223b733a353a22656d61696c223b733a31353a2261646d696e40676d61696c2e636f6d223b733a383a2270617373776f7264223b733a333a22313233223b733a393a2266756c6c5f6e616d65223b733a353a2241646d696e223b733a373a2270726f66696c65223b733a313a2230223b733a31303a2261626f75745f75736572223b4e3b733a383a2273746174655f6964223b733a313a2231223b733a373a22636974795f6964223b733a313a2235223b733a393a22636f757273655f6964223b733a313a2231223b733a383a226c616e646d61726b223b733a393a226d616e696e61676172223b733a31333a2270726f66696c655f696d616765223b4e3b733a373a22726f6c655f6964223b733a313a2231223b733a393a2269735f6f6e6c696e65223b733a313a2231223b733a31303a22637265617465645f6174223b733a31393a22323032332d30322d32342032323a34373a3534223b7d),
('gg83ce92oo9j4f4r85m7qbqgtht2dfh6', '::1', 1677523102, 0x757365725f69647c733a323a223536223b757365726e616d657c733a31353a22696e666f40776562687574732e696e223b656d61696c7c733a31353a22696e666f40776562687574732e696e223b70617373776f72647c733a333a22313233223b66756c6c5f6e616d657c4e3b70726f66696c657c4e3b61626f75745f757365727c4e3b73746174655f69647c4e3b636974795f69647c4e3b636f757273655f69647c4e3b6c616e646d61726b7c4e3b70726f66696c655f696d6167657c4e3b726f6c655f69647c733a313a2233223b69735f6f6e6c696e657c733a313a2230223b637265617465645f61747c4e3b5f5f63695f6c6173745f726567656e65726174657c693a313637373532333033373b6d6174657269616c5f646174617c613a333a7b733a31313a226d6174657269616c5f6964223b733a353a225469746c65223b733a373a22616d6d6f756e74223b733a353a223534363534223b733a343a2274797065223b693a323b7d),
('gm2p60l6ffibmh07dvck4n1amnevcu4e', '::1', 1677518308, 0x5f5f63695f6c6173745f726567656e65726174657c693a313637373531383330383b757365725f646174617c613a31353a7b733a373a22757365725f6964223b733a313a2237223b733a383a22757365726e616d65223b733a353a2261646d696e223b733a353a22656d61696c223b733a31353a2261646d696e40676d61696c2e636f6d223b733a383a2270617373776f7264223b733a333a22313233223b733a393a2266756c6c5f6e616d65223b733a353a2241646d696e223b733a373a2270726f66696c65223b733a313a2230223b733a31303a2261626f75745f75736572223b4e3b733a383a2273746174655f6964223b733a313a2231223b733a373a22636974795f6964223b733a313a2235223b733a393a22636f757273655f6964223b733a313a2231223b733a383a226c616e646d61726b223b733a393a226d616e696e61676172223b733a31333a2270726f66696c655f696d616765223b4e3b733a373a22726f6c655f6964223b733a313a2231223b733a393a2269735f6f6e6c696e65223b733a313a2231223b733a31303a22637265617465645f6174223b733a31393a22323032332d30322d32342032323a34373a3534223b7d),
('gppoduirrk8k1mbt4dd116i8dhjqemjg', '::1', 1677945053, 0x757365725f69647c733a323a223536223b757365726e616d657c733a31353a22696e666f40776562687574732e696e223b656d61696c7c733a31353a22696e666f40776562687574732e696e223b70617373776f72647c733a333a22313233223b66756c6c5f6e616d657c4e3b70726f66696c657c4e3b61626f75745f757365727c4e3b73746174655f69647c4e3b636974795f69647c4e3b636f757273655f69647c4e3b6c616e646d61726b7c4e3b70726f66696c655f696d6167657c4e3b726f6c655f69647c733a313a2233223b70617373696e675f796561727c4e3b70686f6e657c4e3b69735f6f6e6c696e657c733a313a2230223b637265617465645f61747c4e3b5f5f63695f6c6173745f726567656e65726174657c693a313637373934353035333b6d6174657269616c5f646174617c613a343a7b733a31313a226d6174657269616c5f6964223b733a313a2233223b733a353a227469746c65223b733a353a225469746c65223b733a373a22616d6d6f756e74223b733a353a223534363534223b733a343a2274797065223b693a323b7d636172745f6974656d737c613a313a7b693a303b613a373a7b733a31303a227061636b6167655f6964223b733a353a225469746c65223b733a373a22616d6d6f756e74223b733a353a223534363534223b733a373a22757365725f6964223b733a323a223536223b733a31303a22637265617465645f6f6e223b733a31303a22323032332d30332d3034223b733a363a22737461747573223b693a313b733a343a2274797065223b693a323b733a31313a226d6174657269616c5f6964223b733a313a2233223b7d7d),
('guiermecu93u9kmsg27075r5ku7jjbqn', '::1', 1677397055, 0x5f5f63695f6c6173745f726567656e65726174657c693a313637373339373035353b),
('hdn2k65upj6rl6967370i4k5vb9dgkfb', '::1', 1677925366, 0x757365725f69647c733a323a223536223b757365726e616d657c733a31353a22696e666f40776562687574732e696e223b656d61696c7c733a31353a22696e666f40776562687574732e696e223b70617373776f72647c733a333a22313233223b66756c6c5f6e616d657c4e3b70726f66696c657c4e3b61626f75745f757365727c4e3b73746174655f69647c4e3b636974795f69647c4e3b636f757273655f69647c4e3b6c616e646d61726b7c4e3b70726f66696c655f696d6167657c4e3b726f6c655f69647c733a313a2233223b70617373696e675f796561727c4e3b70686f6e657c4e3b69735f6f6e6c696e657c733a313a2230223b637265617465645f61747c4e3b5f5f63695f6c6173745f726567656e65726174657c693a313637373932353336363b6d6174657269616c5f646174617c613a343a7b733a31313a226d6174657269616c5f6964223b733a313a2237223b733a353a227469746c65223b733a31333a2254657374204d6174657269616c223b733a373a22616d6d6f756e74223b733a333a22353030223b733a343a2274797065223b693a323b7d);
INSERT INTO `ci_sessions` (`id`, `ip_address`, `timestamp`, `data`) VALUES
('hlrf96dd2frr8gfh56kpgljvlta03nc8', '::1', 1677943657, 0x757365725f69647c733a323a223536223b757365726e616d657c733a31353a22696e666f40776562687574732e696e223b656d61696c7c733a31353a22696e666f40776562687574732e696e223b70617373776f72647c733a333a22313233223b66756c6c5f6e616d657c4e3b70726f66696c657c4e3b61626f75745f757365727c4e3b73746174655f69647c4e3b636974795f69647c4e3b636f757273655f69647c4e3b6c616e646d61726b7c4e3b70726f66696c655f696d6167657c4e3b726f6c655f69647c733a313a2233223b70617373696e675f796561727c4e3b70686f6e657c4e3b69735f6f6e6c696e657c733a313a2231223b637265617465645f61747c4e3b5f5f63695f6c6173745f726567656e65726174657c693a313637373934333635373b636172745f6974656d737c613a303a7b7d706c616e5f646174617c613a383a7b733a31303a227061796d656e745f6964223b4e3b733a373a22757365725f6964223b733a323a223536223b733a383a2272656e65775f6f6e223b733a31303a22323032332d30332d3034223b733a31323a22747261696c5f706572696f64223b693a313b733a31303a227061636b6167655f6964223b693a313b733a31313a227374617274696e675f6f6e223b733a31303a22323032332d30332d3034223b733a393a22656e64696e675f6f6e223b733a31303a22313937302d30312d3031223b733a363a22737461747573223b693a313b7d6d6174657269616c5f646174617c613a333a7b733a31313a226d6174657269616c5f6964223b4e3b733a373a22616d6d6f756e74223b733a353a223534363534223b733a343a2274797065223b693a313b7d),
('hnefh0r420m9lrnohmajgq58ob2ev59p', '::1', 1677920905, 0x757365725f69647c733a323a223536223b757365726e616d657c733a31353a22696e666f40776562687574732e696e223b656d61696c7c733a31353a22696e666f40776562687574732e696e223b70617373776f72647c733a333a22313233223b66756c6c5f6e616d657c4e3b70726f66696c657c4e3b61626f75745f757365727c4e3b73746174655f69647c4e3b636974795f69647c4e3b636f757273655f69647c4e3b6c616e646d61726b7c4e3b70726f66696c655f696d6167657c4e3b726f6c655f69647c733a313a2233223b70617373696e675f796561727c4e3b70686f6e657c4e3b69735f6f6e6c696e657c733a313a2231223b637265617465645f61747c4e3b5f5f63695f6c6173745f726567656e65726174657c693a313637373932303930353b),
('hqun1pjsngikt889kbibgkv94q34p8eb', '::1', 1677944537, 0x757365725f69647c733a323a223536223b757365726e616d657c733a31353a22696e666f40776562687574732e696e223b656d61696c7c733a31353a22696e666f40776562687574732e696e223b70617373776f72647c733a333a22313233223b66756c6c5f6e616d657c4e3b70726f66696c657c4e3b61626f75745f757365727c4e3b73746174655f69647c4e3b636974795f69647c4e3b636f757273655f69647c4e3b6c616e646d61726b7c4e3b70726f66696c655f696d6167657c4e3b726f6c655f69647c733a313a2233223b70617373696e675f796561727c4e3b70686f6e657c4e3b69735f6f6e6c696e657c733a313a2230223b637265617465645f61747c4e3b5f5f63695f6c6173745f726567656e65726174657c693a313637373934343533373b6d6174657269616c5f646174617c613a343a7b733a31313a226d6174657269616c5f6964223b733a313a2233223b733a353a227469746c65223b733a353a225469746c65223b733a373a22616d6d6f756e74223b733a353a223534363534223b733a343a2274797065223b693a323b7d),
('hultmntf000t842eu9tiprl1hb5vrctv', '::1', 1677523037, 0x757365725f69647c733a323a223536223b757365726e616d657c733a31353a22696e666f40776562687574732e696e223b656d61696c7c733a31353a22696e666f40776562687574732e696e223b70617373776f72647c733a333a22313233223b66756c6c5f6e616d657c4e3b70726f66696c657c4e3b61626f75745f757365727c4e3b73746174655f69647c4e3b636974795f69647c4e3b636f757273655f69647c4e3b6c616e646d61726b7c4e3b70726f66696c655f696d6167657c4e3b726f6c655f69647c733a313a2233223b69735f6f6e6c696e657c733a313a2230223b637265617465645f61747c4e3b5f5f63695f6c6173745f726567656e65726174657c693a313637373532333033373b6d6174657269616c5f646174617c613a333a7b733a31313a226d6174657269616c5f6964223b733a353a225469746c65223b733a373a22616d6d6f756e74223b733a353a223534363534223b733a343a2274797065223b693a323b7d),
('i59u7smrb4s5o1dtha206gkum6p91dad', '::1', 1677604818, 0x757365725f69647c733a323a223536223b757365726e616d657c733a31353a22696e666f40776562687574732e696e223b656d61696c7c733a31353a22696e666f40776562687574732e696e223b70617373776f72647c733a333a22313233223b66756c6c5f6e616d657c4e3b70726f66696c657c4e3b61626f75745f757365727c4e3b73746174655f69647c4e3b636974795f69647c4e3b636f757273655f69647c4e3b6c616e646d61726b7c4e3b70726f66696c655f696d6167657c4e3b726f6c655f69647c733a313a2233223b70617373696e675f796561727c4e3b70686f6e657c4e3b69735f6f6e6c696e657c733a313a2230223b637265617465645f61747c4e3b5f5f63695f6c6173745f726567656e65726174657c693a313637373630343831383b),
('ig21odaii4u8vftg4r1l6q0fc5dk1if0', '::1', 1677605594, 0x757365725f69647c733a323a223536223b757365726e616d657c733a31353a22696e666f40776562687574732e696e223b656d61696c7c733a31353a22696e666f40776562687574732e696e223b70617373776f72647c733a333a22313233223b66756c6c5f6e616d657c4e3b70726f66696c657c4e3b61626f75745f757365727c4e3b73746174655f69647c4e3b636974795f69647c4e3b636f757273655f69647c4e3b6c616e646d61726b7c4e3b70726f66696c655f696d6167657c4e3b726f6c655f69647c733a313a2233223b70617373696e675f796561727c4e3b70686f6e657c4e3b69735f6f6e6c696e657c733a313a2230223b637265617465645f61747c4e3b5f5f63695f6c6173745f726567656e65726174657c693a313637373630353539343b6d6174657269616c5f646174617c613a303a7b7d706c616e5f646174617c613a303a7b7d),
('ijsqveb374mt70qpbgpnje4r2ejuvngi', '::1', 1677601671, 0x5f5f63695f6c6173745f726567656e65726174657c693a313637373630313637313b757365725f646174617c613a31353a7b733a373a22757365725f6964223b733a313a2237223b733a383a22757365726e616d65223b733a353a2261646d696e223b733a353a22656d61696c223b733a31353a2261646d696e40676d61696c2e636f6d223b733a383a2270617373776f7264223b733a333a22313233223b733a393a2266756c6c5f6e616d65223b733a353a2241646d696e223b733a373a2270726f66696c65223b733a313a2230223b733a31303a2261626f75745f75736572223b4e3b733a383a2273746174655f6964223b733a313a2231223b733a373a22636974795f6964223b733a313a2235223b733a393a22636f757273655f6964223b733a313a2231223b733a383a226c616e646d61726b223b733a393a226d616e696e61676172223b733a31333a2270726f66696c655f696d616765223b4e3b733a373a22726f6c655f6964223b733a313a2231223b733a393a2269735f6f6e6c696e65223b733a313a2231223b733a31303a22637265617465645f6174223b733a31393a22323032332d30322d32342032323a34373a3534223b7d),
('j8kkds1thnarfl7k8875qeq9r49jjifn', '::1', 1677689712, 0x5f5f63695f6c6173745f726567656e65726174657c693a313637373638393731323b),
('jg82q2s6dhnnld1c83i9o55p08h37m5q', '::1', 1677401332, 0x5f5f63695f6c6173745f726567656e65726174657c693a313637373430313333323b757365725f646174617c613a31353a7b733a373a22757365725f6964223b733a313a2237223b733a383a22757365726e616d65223b733a353a2261646d696e223b733a353a22656d61696c223b733a31353a2261646d696e40676d61696c2e636f6d223b733a383a2270617373776f7264223b733a333a22313233223b733a393a2266756c6c5f6e616d65223b733a353a2241646d696e223b733a373a2270726f66696c65223b733a313a2230223b733a31303a2261626f75745f75736572223b4e3b733a383a2273746174655f6964223b733a313a2231223b733a373a22636974795f6964223b733a313a2235223b733a393a22636f757273655f6964223b733a313a2231223b733a383a226c616e646d61726b223b733a393a226d616e696e61676172223b733a31333a2270726f66696c655f696d616765223b4e3b733a373a22726f6c655f6964223b733a313a2231223b733a393a2269735f6f6e6c696e65223b733a313a2231223b733a31303a22637265617465645f6174223b733a31393a22323032332d30322d32342032323a34373a3534223b7d),
('jhjumbl1slq0kkv53lg91tdmmfv2tek0', '::1', 1680950204, 0x757365725f69647c733a323a223536223b757365726e616d657c733a31353a22696e666f40776562687574732e696e223b656d61696c7c733a31353a22696e666f40776562687574732e696e223b70617373776f72647c733a333a22313233223b66756c6c5f6e616d657c733a373a224368616e647261223b70726f66696c657c4e3b61626f75745f757365727c4e3b73746174655f69647c4e3b636974795f69647c4e3b636f757273655f69647c4e3b6c616e646d61726b7c4e3b70726f66696c655f696d6167657c4e3b726f6c655f69647c733a313a2233223b70617373696e675f796561727c4e3b70686f6e657c4e3b69735f6f6e6c696e657c733a313a2231223b637265617465645f61747c4e3b5f5f63695f6c6173745f726567656e65726174657c693a313638303935303138343b),
('jj0b3heobpha61lfh3juahmvct1ljc3b', '::1', 1677520842, 0x5f5f63695f6c6173745f726567656e65726174657c693a313637373532303834323b757365725f646174617c613a31353a7b733a373a22757365725f6964223b733a313a2237223b733a383a22757365726e616d65223b733a353a2261646d696e223b733a353a22656d61696c223b733a31353a2261646d696e40676d61696c2e636f6d223b733a383a2270617373776f7264223b733a333a22313233223b733a393a2266756c6c5f6e616d65223b733a353a2241646d696e223b733a373a2270726f66696c65223b733a313a2230223b733a31303a2261626f75745f75736572223b4e3b733a383a2273746174655f6964223b733a313a2231223b733a373a22636974795f6964223b733a313a2235223b733a393a22636f757273655f6964223b733a313a2231223b733a383a226c616e646d61726b223b733a393a226d616e696e61676172223b733a31333a2270726f66696c655f696d616765223b4e3b733a373a22726f6c655f6964223b733a313a2231223b733a393a2269735f6f6e6c696e65223b733a313a2231223b733a31303a22637265617465645f6174223b733a31393a22323032332d30322d32342032323a34373a3534223b7d),
('jkinhnmdp2brhjf1tos1oha2uq7j1umu', '::1', 1680949920, 0x757365725f69647c733a323a223536223b757365726e616d657c733a31353a22696e666f40776562687574732e696e223b656d61696c7c733a31353a22696e666f40776562687574732e696e223b70617373776f72647c733a333a22313233223b66756c6c5f6e616d657c733a373a224368616e647261223b70726f66696c657c4e3b61626f75745f757365727c4e3b73746174655f69647c4e3b636974795f69647c4e3b636f757273655f69647c4e3b6c616e646d61726b7c4e3b70726f66696c655f696d6167657c4e3b726f6c655f69647c733a313a2233223b70617373696e675f796561727c4e3b70686f6e657c4e3b69735f6f6e6c696e657c733a313a2230223b637265617465645f61747c4e3b5f5f63695f6c6173745f726567656e65726174657c693a313638303934393836303b),
('jm5g2unp4puagq4r924jr4s50ja0ht62', '::1', 1677517178, 0x5f5f63695f6c6173745f726567656e65726174657c693a313637373531373137383b757365725f646174617c613a31353a7b733a373a22757365725f6964223b733a313a2237223b733a383a22757365726e616d65223b733a353a2261646d696e223b733a353a22656d61696c223b733a31353a2261646d696e40676d61696c2e636f6d223b733a383a2270617373776f7264223b733a333a22313233223b733a393a2266756c6c5f6e616d65223b733a353a2241646d696e223b733a373a2270726f66696c65223b733a313a2230223b733a31303a2261626f75745f75736572223b4e3b733a383a2273746174655f6964223b733a313a2231223b733a373a22636974795f6964223b733a313a2235223b733a393a22636f757273655f6964223b733a313a2231223b733a383a226c616e646d61726b223b733a393a226d616e696e61676172223b733a31333a2270726f66696c655f696d616765223b4e3b733a373a22726f6c655f6964223b733a313a2231223b733a393a2269735f6f6e6c696e65223b733a313a2231223b733a31303a22637265617465645f6174223b733a31393a22323032332d30322d32342032323a34373a3534223b7d),
('jnjugtrfuf8mkrb7fkk3i03v7rusc4df', '::1', 1677520162, 0x5f5f63695f6c6173745f726567656e65726174657c693a313637373532303136323b757365725f646174617c613a31353a7b733a373a22757365725f6964223b733a313a2237223b733a383a22757365726e616d65223b733a353a2261646d696e223b733a353a22656d61696c223b733a31353a2261646d696e40676d61696c2e636f6d223b733a383a2270617373776f7264223b733a333a22313233223b733a393a2266756c6c5f6e616d65223b733a353a2241646d696e223b733a373a2270726f66696c65223b733a313a2230223b733a31303a2261626f75745f75736572223b4e3b733a383a2273746174655f6964223b733a313a2231223b733a373a22636974795f6964223b733a313a2235223b733a393a22636f757273655f6964223b733a313a2231223b733a383a226c616e646d61726b223b733a393a226d616e696e61676172223b733a31333a2270726f66696c655f696d616765223b4e3b733a373a22726f6c655f6964223b733a313a2231223b733a393a2269735f6f6e6c696e65223b733a313a2231223b733a31303a22637265617465645f6174223b733a31393a22323032332d30322d32342032323a34373a3534223b7d),
('jrn4mch86bj1bk3nujuutg2rtlts3m3q', '::1', 1677606592, 0x5f5f63695f6c6173745f726567656e65726174657c693a313637373630363539323b757365725f646174617c613a31373a7b733a373a22757365725f6964223b733a323a223634223b733a383a22757365726e616d65223b733a31383a226d656e746f722d3540676d61696c2e636f6d223b733a353a22656d61696c223b733a31383a226d656e746f722d3540676d61696c2e636f6d223b733a383a2270617373776f7264223b733a333a22313233223b733a393a2266756c6c5f6e616d65223b733a383a224d656e746f722d35223b733a373a2270726f66696c65223b733a33363a2266636566326538636166326132653963393461353362326531326262343439622e6a7067223b733a31303a2261626f75745f75736572223b4e3b733a383a2273746174655f6964223b733a313a2231223b733a373a22636974795f6964223b733a313a2235223b733a393a22636f757273655f6964223b733a313a2232223b733a383a226c616e646d61726b223b733a353a224e6f696461223b733a31333a2270726f66696c655f696d616765223b4e3b733a373a22726f6c655f6964223b733a313a2232223b733a31323a2270617373696e675f79656172223b733a343a2232303233223b733a353a2270686f6e65223b733a31303a2239393335323730313334223b733a393a2269735f6f6e6c696e65223b733a313a2231223b733a31303a22637265617465645f6174223b4e3b7d),
('jvs2hailajasmqiu75c2kn7i3gbnqvdm', '::1', 1677519832, 0x5f5f63695f6c6173745f726567656e65726174657c693a313637373531393833323b757365725f646174617c613a31353a7b733a373a22757365725f6964223b733a313a2237223b733a383a22757365726e616d65223b733a353a2261646d696e223b733a353a22656d61696c223b733a31353a2261646d696e40676d61696c2e636f6d223b733a383a2270617373776f7264223b733a333a22313233223b733a393a2266756c6c5f6e616d65223b733a353a2241646d696e223b733a373a2270726f66696c65223b733a313a2230223b733a31303a2261626f75745f75736572223b4e3b733a383a2273746174655f6964223b733a313a2231223b733a373a22636974795f6964223b733a313a2235223b733a393a22636f757273655f6964223b733a313a2231223b733a383a226c616e646d61726b223b733a393a226d616e696e61676172223b733a31333a2270726f66696c655f696d616765223b4e3b733a373a22726f6c655f6964223b733a313a2231223b733a393a2269735f6f6e6c696e65223b733a313a2231223b733a31303a22637265617465645f6174223b733a31393a22323032332d30322d32342032323a34373a3534223b7d),
('k5veru5lvcofjvnd5adng7ldd5v92khg', '::1', 1677395758, 0x5f5f63695f6c6173745f726567656e65726174657c693a313637373339353735383b),
('kfa0gvnidjjg328lsunifpcrftq4irj8', '::1', 1677945849, 0x757365725f69647c733a323a223536223b757365726e616d657c733a31353a22696e666f40776562687574732e696e223b656d61696c7c733a31353a22696e666f40776562687574732e696e223b70617373776f72647c733a333a22313233223b66756c6c5f6e616d657c4e3b70726f66696c657c4e3b61626f75745f757365727c4e3b73746174655f69647c4e3b636974795f69647c4e3b636f757273655f69647c4e3b6c616e646d61726b7c4e3b70726f66696c655f696d6167657c4e3b726f6c655f69647c733a313a2233223b70617373696e675f796561727c4e3b70686f6e657c4e3b69735f6f6e6c696e657c733a313a2230223b637265617465645f61747c4e3b5f5f63695f6c6173745f726567656e65726174657c693a313637373934353834393b6d6174657269616c5f646174617c613a303a7b7d636172745f6974656d737c613a303a7b7d706c616e5f646174617c613a303a7b7d),
('khg9uu98d6n084t4q9n4dgn8rj5jmqcg', '::1', 1677607141, 0x757365725f69647c733a323a223536223b757365726e616d657c733a31353a22696e666f40776562687574732e696e223b656d61696c7c733a31353a22696e666f40776562687574732e696e223b70617373776f72647c733a333a22313233223b66756c6c5f6e616d657c4e3b70726f66696c657c4e3b61626f75745f757365727c4e3b73746174655f69647c4e3b636974795f69647c4e3b636f757273655f69647c4e3b6c616e646d61726b7c4e3b70726f66696c655f696d6167657c4e3b726f6c655f69647c733a313a2233223b70617373696e675f796561727c4e3b70686f6e657c4e3b69735f6f6e6c696e657c733a313a2230223b637265617465645f61747c4e3b5f5f63695f6c6173745f726567656e65726174657c693a313637373630373035373b),
('lcv5kcnvtqljkfb5juk52q6f0a312p59', '::1', 1677400594, 0x5f5f63695f6c6173745f726567656e65726174657c693a313637373430303539343b757365725f646174617c613a31353a7b733a373a22757365725f6964223b733a323a223539223b733a383a22757365726e616d65223b733a31383a226d656e746f722d3140676d61696c2e636f6d223b733a353a22656d61696c223b733a31383a226d656e746f722d3140676d61696c2e636f6d223b733a383a2270617373776f7264223b733a333a22313233223b733a393a2266756c6c5f6e616d65223b733a383a224d656e746f722d31223b733a373a2270726f66696c65223b733a313a2230223b733a31303a2261626f75745f75736572223b4e3b733a383a2273746174655f6964223b733a313a2231223b733a373a22636974795f6964223b733a313a2235223b733a393a22636f757273655f6964223b733a313a2233223b733a383a226c616e646d61726b223b733a353a224e6f696461223b733a31333a2270726f66696c655f696d616765223b4e3b733a373a22726f6c655f6964223b733a313a2232223b733a393a2269735f6f6e6c696e65223b733a313a2231223b733a31303a22637265617465645f6174223b4e3b7d737563636573737c733a32373a22496d6167652075706c6f61646564207375636365737366756c6c79223b5f5f63695f766172737c613a313a7b733a373a2273756363657373223b733a333a226f6c64223b7d),
('ldshh6ll0m8fhh9jti06l013skrs1oa5', '::1', 1677922635, 0x757365725f69647c733a323a223536223b757365726e616d657c733a31353a22696e666f40776562687574732e696e223b656d61696c7c733a31353a22696e666f40776562687574732e696e223b70617373776f72647c733a333a22313233223b66756c6c5f6e616d657c4e3b70726f66696c657c4e3b61626f75745f757365727c4e3b73746174655f69647c4e3b636974795f69647c4e3b636f757273655f69647c4e3b6c616e646d61726b7c4e3b70726f66696c655f696d6167657c4e3b726f6c655f69647c733a313a2233223b70617373696e675f796561727c4e3b70686f6e657c4e3b69735f6f6e6c696e657c733a313a2230223b637265617465645f61747c4e3b5f5f63695f6c6173745f726567656e65726174657c693a313637373932323633353b),
('lr2smkj7576rts1p3ib5gopia5h1318u', '::1', 1677944233, 0x757365725f69647c733a323a223536223b757365726e616d657c733a31353a22696e666f40776562687574732e696e223b656d61696c7c733a31353a22696e666f40776562687574732e696e223b70617373776f72647c733a333a22313233223b66756c6c5f6e616d657c4e3b70726f66696c657c4e3b61626f75745f757365727c4e3b73746174655f69647c4e3b636974795f69647c4e3b636f757273655f69647c4e3b6c616e646d61726b7c4e3b70726f66696c655f696d6167657c4e3b726f6c655f69647c733a313a2233223b70617373696e675f796561727c4e3b70686f6e657c4e3b69735f6f6e6c696e657c733a313a2230223b637265617465645f61747c4e3b5f5f63695f6c6173745f726567656e65726174657c693a313637373934343233333b6d6174657269616c5f646174617c613a343a7b733a31313a226d6174657269616c5f6964223b733a313a2233223b733a353a227469746c65223b733a353a225469746c65223b733a373a22616d6d6f756e74223b733a353a223534363534223b733a343a2274797065223b693a323b7d),
('lun7o2gv8ccgjup9i2bm0d4kacgiij6i', '::1', 1677946411, 0x757365725f69647c733a323a223536223b757365726e616d657c733a31353a22696e666f40776562687574732e696e223b656d61696c7c733a31353a22696e666f40776562687574732e696e223b70617373776f72647c733a333a22313233223b66756c6c5f6e616d657c4e3b70726f66696c657c4e3b61626f75745f757365727c4e3b73746174655f69647c4e3b636974795f69647c4e3b636f757273655f69647c4e3b6c616e646d61726b7c4e3b70726f66696c655f696d6167657c4e3b726f6c655f69647c733a313a2233223b70617373696e675f796561727c4e3b70686f6e657c4e3b69735f6f6e6c696e657c733a313a2230223b637265617465645f61747c4e3b5f5f63695f6c6173745f726567656e65726174657c693a313637373934363431313b6d6174657269616c5f646174617c613a303a7b7d636172745f6974656d737c613a303a7b7d706c616e5f646174617c613a303a7b7d),
('lvmatgoq45qvk20lkdnpdmrulat3as8i', '::1', 1677601048, 0x5f5f63695f6c6173745f726567656e65726174657c693a313637373630313034383b),
('m278u6j91b9s9tlakf7aiio1mvec31ki', '::1', 1677396720, 0x5f5f63695f6c6173745f726567656e65726174657c693a313637373339363732303b),
('m4bpb5jnhq50h9dagfcd6jehmarnin41', '::1', 1677518206, 0x757365725f69647c733a323a223536223b757365726e616d657c733a31353a22696e666f40776562687574732e696e223b656d61696c7c733a31353a22696e666f40776562687574732e696e223b70617373776f72647c733a333a22313233223b66756c6c5f6e616d657c4e3b70726f66696c657c4e3b61626f75745f757365727c4e3b73746174655f69647c4e3b636974795f69647c4e3b636f757273655f69647c4e3b6c616e646d61726b7c4e3b70726f66696c655f696d6167657c4e3b726f6c655f69647c733a313a2233223b69735f6f6e6c696e657c733a313a2230223b637265617465645f61747c4e3b5f5f63695f6c6173745f726567656e65726174657c693a313637373531383230363b6d6174657269616c5f646174617c613a303a7b7d),
('m70e561jij3lp4vjkqvpote17mlnimna', '::1', 1677602007, 0x5f5f63695f6c6173745f726567656e65726174657c693a313637373630323030373b),
('me7ccnf4jv90mf8frp4vlr4h0mfm6hnj', '::1', 1677926421, 0x757365725f69647c733a323a223536223b757365726e616d657c733a31353a22696e666f40776562687574732e696e223b656d61696c7c733a31353a22696e666f40776562687574732e696e223b70617373776f72647c733a333a22313233223b66756c6c5f6e616d657c4e3b70726f66696c657c4e3b61626f75745f757365727c4e3b73746174655f69647c4e3b636974795f69647c4e3b636f757273655f69647c4e3b6c616e646d61726b7c4e3b70726f66696c655f696d6167657c4e3b726f6c655f69647c733a313a2233223b70617373696e675f796561727c4e3b70686f6e657c4e3b69735f6f6e6c696e657c733a313a2230223b637265617465645f61747c4e3b5f5f63695f6c6173745f726567656e65726174657c693a313637373932363432313b6d6174657269616c5f646174617c613a303a7b7d706c616e5f646174617c613a303a7b7d),
('mmnal7mpmqjp14rnl800p1ua49huvdaa', '::1', 1677945383, 0x5f5f63695f6c6173745f726567656e65726174657c693a313637373934353338333b757365725f646174617c613a31373a7b733a373a22757365725f6964223b733a323a223534223b733a383a22757365726e616d65223b733a31373a227368656b68617240676d61696c2e636f6d223b733a353a22656d61696c223b733a31373a227368656b68617240676d61696c2e636f6d223b733a383a2270617373776f7264223b733a333a22313233223b733a393a2266756c6c5f6e616d65223b733a373a225368656b686172223b733a373a2270726f66696c65223b733a313a2230223b733a31303a2261626f75745f75736572223b4e3b733a383a2273746174655f6964223b733a313a2231223b733a373a22636974795f6964223b733a313a2235223b733a393a22636f757273655f6964223b733a313a2231223b733a383a226c616e646d61726b223b733a353a224e6f696461223b733a31333a2270726f66696c655f696d616765223b4e3b733a373a22726f6c655f6964223b733a313a2232223b733a31323a2270617373696e675f79656172223b4e3b733a353a2270686f6e65223b4e3b733a393a2269735f6f6e6c696e65223b733a313a2231223b733a31303a22637265617465645f6174223b733a31393a22323032332d30322d32352031353a34343a3335223b7d),
('mtsej2pomo2a0335r0n7uss32mpois4e', '::1', 1677515318, 0x757365725f69647c733a323a223536223b757365726e616d657c733a31353a22696e666f40776562687574732e696e223b656d61696c7c733a31353a22696e666f40776562687574732e696e223b70617373776f72647c733a333a22313233223b66756c6c5f6e616d657c4e3b70726f66696c657c4e3b61626f75745f757365727c4e3b73746174655f69647c4e3b636974795f69647c4e3b636f757273655f69647c4e3b6c616e646d61726b7c4e3b70726f66696c655f696d6167657c4e3b726f6c655f69647c733a313a2233223b69735f6f6e6c696e657c733a313a2230223b637265617465645f61747c4e3b5f5f63695f6c6173745f726567656e65726174657c693a313637373531353331383b),
('ncfrinvucn19m7r25j7b8db7s1b7e0rn', '::1', 1677606237, 0x5f5f63695f6c6173745f726567656e65726174657c693a313637373630363233373b757365725f646174617c613a31373a7b733a373a22757365725f6964223b733a323a223534223b733a383a22757365726e616d65223b733a31373a227368656b68617240676d61696c2e636f6d223b733a353a22656d61696c223b733a31373a227368656b68617240676d61696c2e636f6d223b733a383a2270617373776f7264223b733a333a22313233223b733a393a2266756c6c5f6e616d65223b733a373a225368656b686172223b733a373a2270726f66696c65223b733a313a2230223b733a31303a2261626f75745f75736572223b4e3b733a383a2273746174655f6964223b733a313a2231223b733a373a22636974795f6964223b733a313a2235223b733a393a22636f757273655f6964223b733a313a2231223b733a383a226c616e646d61726b223b733a353a224e6f696461223b733a31333a2270726f66696c655f696d616765223b4e3b733a373a22726f6c655f6964223b733a313a2232223b733a31323a2270617373696e675f79656172223b4e3b733a353a2270686f6e65223b4e3b733a393a2269735f6f6e6c696e65223b733a313a2231223b733a31303a22637265617465645f6174223b733a31393a22323032332d30322d32352032313a31343a3335223b7d),
('o3qofqao0sfk460fiq06k7sckmob6mah', '::1', 1677927105, 0x757365725f69647c733a323a223536223b757365726e616d657c733a31353a22696e666f40776562687574732e696e223b656d61696c7c733a31353a22696e666f40776562687574732e696e223b70617373776f72647c733a333a22313233223b66756c6c5f6e616d657c4e3b70726f66696c657c4e3b61626f75745f757365727c4e3b73746174655f69647c4e3b636974795f69647c4e3b636f757273655f69647c4e3b6c616e646d61726b7c4e3b70726f66696c655f696d6167657c4e3b726f6c655f69647c733a313a2233223b70617373696e675f796561727c4e3b70686f6e657c4e3b69735f6f6e6c696e657c733a313a2230223b637265617465645f61747c4e3b5f5f63695f6c6173745f726567656e65726174657c693a313637373932373130353b6d6174657269616c5f646174617c613a303a7b7d706c616e5f646174617c613a303a7b7d636172745f6974656d737c613a303a7b7d),
('oqp97pfdn38r50plv14d7n67r1i505pe', '::1', 1680244824, 0x5f5f63695f6c6173745f726567656e65726174657c693a313638303234343830393b),
('ovlkuq0tvbdjn53ucetnvdvscvt2h6fq', '::1', 1677945033, 0x5f5f63695f6c6173745f726567656e65726174657c693a313637373934353033333b),
('pb8ht1v0m3eo90k5v8h5l3bg0lc1lt1d', '::1', 1681294610, 0x5f5f63695f6c6173745f726567656e65726174657c693a313638313239343630333b),
('pj4ntokv82ks384fpnq2n20udssis3dj', '::1', 1677515623, 0x757365725f69647c733a323a223536223b757365726e616d657c733a31353a22696e666f40776562687574732e696e223b656d61696c7c733a31353a22696e666f40776562687574732e696e223b70617373776f72647c733a333a22313233223b66756c6c5f6e616d657c4e3b70726f66696c657c4e3b61626f75745f757365727c4e3b73746174655f69647c4e3b636974795f69647c4e3b636f757273655f69647c4e3b6c616e646d61726b7c4e3b70726f66696c655f696d6167657c4e3b726f6c655f69647c733a313a2233223b69735f6f6e6c696e657c733a313a2230223b637265617465645f61747c4e3b5f5f63695f6c6173745f726567656e65726174657c693a313637373531353632333b),
('ppg1h9d6nfk1pq9uqonq058m125ssgjk', '::1', 1677607145, 0x5f5f63695f6c6173745f726567656e65726174657c693a313637373630363839383b757365725f646174617c613a31373a7b733a373a22757365725f6964223b733a323a223634223b733a383a22757365726e616d65223b733a31383a226d656e746f722d3540676d61696c2e636f6d223b733a353a22656d61696c223b733a31383a226d656e746f722d3540676d61696c2e636f6d223b733a383a2270617373776f7264223b733a333a22313233223b733a393a2266756c6c5f6e616d65223b733a383a224d656e746f722d35223b733a373a2270726f66696c65223b733a33363a2266636566326538636166326132653963393461353362326531326262343439622e6a7067223b733a31303a2261626f75745f75736572223b4e3b733a383a2273746174655f6964223b733a313a2231223b733a373a22636974795f6964223b733a313a2235223b733a393a22636f757273655f6964223b733a313a2232223b733a383a226c616e646d61726b223b733a353a224e6f696461223b733a31333a2270726f66696c655f696d616765223b4e3b733a373a22726f6c655f6964223b733a313a2232223b733a31323a2270617373696e675f79656172223b733a343a2232303233223b733a353a2270686f6e65223b733a31303a2239393335323730313334223b733a393a2269735f6f6e6c696e65223b733a313a2231223b733a31303a22637265617465645f6174223b4e3b7d),
('ppuss6gubqp3n3fiuov4d67kva4j37ca', '::1', 1677945769, 0x5f5f63695f6c6173745f726567656e65726174657c693a313637373934353736393b757365725f646174617c613a31373a7b733a373a22757365725f6964223b733a323a223534223b733a383a22757365726e616d65223b733a31373a227368656b68617240676d61696c2e636f6d223b733a353a22656d61696c223b733a31373a227368656b68617240676d61696c2e636f6d223b733a383a2270617373776f7264223b733a333a22313233223b733a393a2266756c6c5f6e616d65223b733a373a225368656b686172223b733a373a2270726f66696c65223b733a313a2230223b733a31303a2261626f75745f75736572223b4e3b733a383a2273746174655f6964223b733a313a2231223b733a373a22636974795f6964223b733a313a2235223b733a393a22636f757273655f6964223b733a313a2231223b733a383a226c616e646d61726b223b733a353a224e6f696461223b733a31333a2270726f66696c655f696d616765223b4e3b733a373a22726f6c655f6964223b733a313a2232223b733a31323a2270617373696e675f79656172223b4e3b733a353a2270686f6e65223b4e3b733a393a2269735f6f6e6c696e65223b733a313a2231223b733a31303a22637265617465645f6174223b733a31393a22323032332d30322d32352031353a34343a3335223b7d),
('q0qquaik5mcpr0c4b9bcgk4nef3plnn1', '::1', 1677923260, 0x757365725f69647c733a323a223536223b757365726e616d657c733a31353a22696e666f40776562687574732e696e223b656d61696c7c733a31353a22696e666f40776562687574732e696e223b70617373776f72647c733a333a22313233223b66756c6c5f6e616d657c4e3b70726f66696c657c4e3b61626f75745f757365727c4e3b73746174655f69647c4e3b636974795f69647c4e3b636f757273655f69647c4e3b6c616e646d61726b7c4e3b70726f66696c655f696d6167657c4e3b726f6c655f69647c733a313a2233223b70617373696e675f796561727c4e3b70686f6e657c4e3b69735f6f6e6c696e657c733a313a2230223b637265617465645f61747c4e3b5f5f63695f6c6173745f726567656e65726174657c693a313637373932333236303b),
('q3bmlhmjjdfd3tlt4iepvovllat28338', '::1', 1680244829, 0x5f5f63695f6c6173745f726567656e65726174657c693a313638303234343832393b),
('qfk7fap5mr0u9e7mlta3vso7g8b5f817', '::1', 1677521179, 0x5f5f63695f6c6173745f726567656e65726174657c693a313637373532313137393b757365725f646174617c613a31353a7b733a373a22757365725f6964223b733a313a2237223b733a383a22757365726e616d65223b733a353a2261646d696e223b733a353a22656d61696c223b733a31353a2261646d696e40676d61696c2e636f6d223b733a383a2270617373776f7264223b733a333a22313233223b733a393a2266756c6c5f6e616d65223b733a353a2241646d696e223b733a373a2270726f66696c65223b733a313a2230223b733a31303a2261626f75745f75736572223b4e3b733a383a2273746174655f6964223b733a313a2231223b733a373a22636974795f6964223b733a313a2235223b733a393a22636f757273655f6964223b733a313a2231223b733a383a226c616e646d61726b223b733a393a226d616e696e61676172223b733a31333a2270726f66696c655f696d616765223b4e3b733a373a22726f6c655f6964223b733a313a2231223b733a393a2269735f6f6e6c696e65223b733a313a2231223b733a31303a22637265617465645f6174223b733a31393a22323032332d30322d32342032323a34373a3534223b7d),
('qje6t9u9na8s0fu0a513sbvfgcuopqme', '::1', 1677402196, 0x757365725f69647c733a323a223536223b757365726e616d657c733a31353a22696e666f40776562687574732e696e223b656d61696c7c733a31353a22696e666f40776562687574732e696e223b70617373776f72647c733a333a22313233223b66756c6c5f6e616d657c4e3b70726f66696c657c4e3b61626f75745f757365727c4e3b73746174655f69647c4e3b636974795f69647c4e3b636f757273655f69647c4e3b6c616e646d61726b7c4e3b70726f66696c655f696d6167657c4e3b726f6c655f69647c733a313a2233223b69735f6f6e6c696e657c733a313a2231223b637265617465645f61747c4e3b5f5f63695f6c6173745f726567656e65726174657c693a313637373430323139363b),
('qq4drc5ot4see7d6usaac473ptcgp1cm', '::1', 1677401940, 0x5f5f63695f6c6173745f726567656e65726174657c693a313637373430313934303b757365725f646174617c613a31353a7b733a373a22757365725f6964223b733a313a2237223b733a383a22757365726e616d65223b733a353a2261646d696e223b733a353a22656d61696c223b733a31353a2261646d696e40676d61696c2e636f6d223b733a383a2270617373776f7264223b733a333a22313233223b733a393a2266756c6c5f6e616d65223b733a353a2241646d696e223b733a373a2270726f66696c65223b733a313a2230223b733a31303a2261626f75745f75736572223b4e3b733a383a2273746174655f6964223b733a313a2231223b733a373a22636974795f6964223b733a313a2235223b733a393a22636f757273655f6964223b733a313a2231223b733a383a226c616e646d61726b223b733a393a226d616e696e61676172223b733a31333a2270726f66696c655f696d616765223b4e3b733a373a22726f6c655f6964223b733a313a2231223b733a393a2269735f6f6e6c696e65223b733a313a2231223b733a31303a22637265617465645f6174223b733a31393a22323032332d30322d32342032323a34373a3534223b7d),
('qqflin17hgaoeso69segho6vuhdcf3ev', '::1', 1677514335, 0x757365725f69647c733a323a223536223b757365726e616d657c733a31353a22696e666f40776562687574732e696e223b656d61696c7c733a31353a22696e666f40776562687574732e696e223b70617373776f72647c733a333a22313233223b66756c6c5f6e616d657c4e3b70726f66696c657c4e3b61626f75745f757365727c4e3b73746174655f69647c4e3b636974795f69647c4e3b636f757273655f69647c4e3b6c616e646d61726b7c4e3b70726f66696c655f696d6167657c4e3b726f6c655f69647c733a313a2233223b69735f6f6e6c696e657c733a313a2230223b637265617465645f61747c4e3b5f5f63695f6c6173745f726567656e65726174657c693a313637373531343333353b),
('r1u46jdntsdmt970eivs1maa5rmto5f7', '::1', 1677400944, 0x757365725f69647c733a323a223536223b757365726e616d657c733a31353a22696e666f40776562687574732e696e223b656d61696c7c733a31353a22696e666f40776562687574732e696e223b70617373776f72647c733a333a22313233223b66756c6c5f6e616d657c4e3b70726f66696c657c4e3b61626f75745f757365727c4e3b73746174655f69647c4e3b636974795f69647c4e3b636f757273655f69647c4e3b6c616e646d61726b7c4e3b70726f66696c655f696d6167657c4e3b726f6c655f69647c733a313a2233223b69735f6f6e6c696e657c733a313a2231223b637265617465645f61747c4e3b5f5f63695f6c6173745f726567656e65726174657c693a313637373430303934343b),
('r70vevbqm13rm1s8241janjnmaljecks', '::1', 1677947582, 0x757365725f69647c733a323a223536223b757365726e616d657c733a31353a22696e666f40776562687574732e696e223b656d61696c7c733a31353a22696e666f40776562687574732e696e223b70617373776f72647c733a333a22313233223b66756c6c5f6e616d657c733a373a224368616e647261223b70726f66696c657c4e3b61626f75745f757365727c4e3b73746174655f69647c4e3b636974795f69647c4e3b636f757273655f69647c4e3b6c616e646d61726b7c4e3b70726f66696c655f696d6167657c4e3b726f6c655f69647c733a313a2233223b70617373696e675f796561727c4e3b70686f6e657c4e3b69735f6f6e6c696e657c733a313a2231223b637265617465645f61747c4e3b5f5f63695f6c6173745f726567656e65726174657c693a313637373934373538323b636172745f6974656d737c613a303a7b7d706c616e5f646174617c613a303a7b7d6d6174657269616c5f646174617c613a303a7b7d),
('r9nu2jr9oblh6onupg3qk6vj36s2oi5m', '::1', 1677513618, 0x757365725f69647c733a323a223536223b757365726e616d657c733a31353a22696e666f40776562687574732e696e223b656d61696c7c733a31353a22696e666f40776562687574732e696e223b70617373776f72647c733a333a22313233223b66756c6c5f6e616d657c4e3b70726f66696c657c4e3b61626f75745f757365727c4e3b73746174655f69647c4e3b636974795f69647c4e3b636f757273655f69647c4e3b6c616e646d61726b7c4e3b70726f66696c655f696d6167657c4e3b726f6c655f69647c733a313a2233223b69735f6f6e6c696e657c733a313a2230223b637265617465645f61747c4e3b5f5f63695f6c6173745f726567656e65726174657c693a313637373531333631383b),
('re314kg1pdp9krn6o69svl0rvtn6rmv4', '::1', 1677600700, 0x5f5f63695f6c6173745f726567656e65726174657c693a313637373630303730303b),
('rgls8l5orb5j43ojmfvra0v4jscmi4hg', '::1', 1677926099, 0x757365725f69647c733a323a223536223b757365726e616d657c733a31353a22696e666f40776562687574732e696e223b656d61696c7c733a31353a22696e666f40776562687574732e696e223b70617373776f72647c733a333a22313233223b66756c6c5f6e616d657c4e3b70726f66696c657c4e3b61626f75745f757365727c4e3b73746174655f69647c4e3b636974795f69647c4e3b636f757273655f69647c4e3b6c616e646d61726b7c4e3b70726f66696c655f696d6167657c4e3b726f6c655f69647c733a313a2233223b70617373696e675f796561727c4e3b70686f6e657c4e3b69735f6f6e6c696e657c733a313a2230223b637265617465645f61747c4e3b5f5f63695f6c6173745f726567656e65726174657c693a313637373932363039393b6d6174657269616c5f646174617c613a303a7b7d706c616e5f646174617c613a303a7b7d),
('rhlhurmaf85hf2tcfmm2l0f573slmakk', '::1', 1677603758, 0x5f5f63695f6c6173745f726567656e65726174657c693a313637373630333735383b757365725f646174617c613a31353a7b733a373a22757365725f6964223b733a313a2237223b733a383a22757365726e616d65223b733a353a2261646d696e223b733a353a22656d61696c223b733a31353a2261646d696e40676d61696c2e636f6d223b733a383a2270617373776f7264223b733a333a22313233223b733a393a2266756c6c5f6e616d65223b733a353a2241646d696e223b733a373a2270726f66696c65223b733a313a2230223b733a31303a2261626f75745f75736572223b4e3b733a383a2273746174655f6964223b733a313a2231223b733a373a22636974795f6964223b733a313a2235223b733a393a22636f757273655f6964223b733a313a2231223b733a383a226c616e646d61726b223b733a393a226d616e696e61676172223b733a31333a2270726f66696c655f696d616765223b4e3b733a373a22726f6c655f6964223b733a313a2231223b733a393a2269735f6f6e6c696e65223b733a313a2231223b733a31303a22637265617465645f6174223b733a31393a22323032332d30322d32342032323a34373a3534223b7d),
('rlndnk0k0fo8kcj1brpo06sdktbmepes', '::1', 1680950129, 0x5f5f63695f6c6173745f726567656e65726174657c693a313638303934393933343b757365725f646174617c613a31373a7b733a373a22757365725f6964223b733a323a223630223b733a383a22757365726e616d65223b733a383a226d656e746f722d32223b733a353a22656d61696c223b733a31383a226d656e746f722d3240676d61696c2e636f6d223b733a383a2270617373776f7264223b733a333a22313233223b733a393a2266756c6c5f6e616d65223b733a383a224d656e746f722d32223b733a373a2270726f66696c65223b733a313a2230223b733a31303a2261626f75745f75736572223b4e3b733a383a2273746174655f6964223b733a313a2231223b733a373a22636974795f6964223b733a313a2235223b733a393a22636f757273655f6964223b733a313a2232223b733a383a226c616e646d61726b223b733a353a224e6f696461223b733a31333a2270726f66696c655f696d616765223b4e3b733a373a22726f6c655f6964223b733a313a2232223b733a31323a2270617373696e675f79656172223b4e3b733a353a2270686f6e65223b4e3b733a393a2269735f6f6e6c696e65223b733a313a2231223b733a31303a22637265617465645f6174223b4e3b7d),
('sb955dt5rrn4pbs6ed4efhcm59u9o8dr', '::1', 1677599948, 0x5f5f63695f6c6173745f726567656e65726174657c693a313637373539393934383b757365725f646174617c613a31353a7b733a373a22757365725f6964223b733a313a2237223b733a383a22757365726e616d65223b733a353a2261646d696e223b733a353a22656d61696c223b733a31353a2261646d696e40676d61696c2e636f6d223b733a383a2270617373776f7264223b733a333a22313233223b733a393a2266756c6c5f6e616d65223b733a353a2241646d696e223b733a373a2270726f66696c65223b733a313a2230223b733a31303a2261626f75745f75736572223b4e3b733a383a2273746174655f6964223b733a313a2231223b733a373a22636974795f6964223b733a313a2235223b733a393a22636f757273655f6964223b733a313a2231223b733a383a226c616e646d61726b223b733a393a226d616e696e61676172223b733a31333a2270726f66696c655f696d616765223b4e3b733a373a22726f6c655f6964223b733a313a2231223b733a393a2269735f6f6e6c696e65223b733a313a2231223b733a31303a22637265617465645f6174223b733a31393a22323032332d30322d32342032323a34373a3534223b7d),
('sk4p9snmhf55vulirsdsol379bq9eehf', '::1', 1677946409, 0x5f5f63695f6c6173745f726567656e65726174657c693a313637373934363132363b),
('sod0a8tdnfgos1gomvplu9lt1dq4njlv', '::1', 1677946411, 0x757365725f69647c733a323a223536223b757365726e616d657c733a31353a22696e666f40776562687574732e696e223b656d61696c7c733a31353a22696e666f40776562687574732e696e223b70617373776f72647c733a333a22313233223b66756c6c5f6e616d657c4e3b70726f66696c657c4e3b61626f75745f757365727c4e3b73746174655f69647c4e3b636974795f69647c4e3b636f757273655f69647c4e3b6c616e646d61726b7c4e3b70726f66696c655f696d6167657c4e3b726f6c655f69647c733a313a2233223b70617373696e675f796561727c4e3b70686f6e657c4e3b69735f6f6e6c696e657c733a313a2230223b637265617465645f61747c4e3b5f5f63695f6c6173745f726567656e65726174657c693a313637373934363431313b6d6174657269616c5f646174617c613a303a7b7d636172745f6974656d737c613a303a7b7d706c616e5f646174617c613a303a7b7d),
('t9109sg4f3vos5onpagu2ag4qe4ku5a6', '::1', 1677947569, 0x5f5f63695f6c6173745f726567656e65726174657c693a313637373934373436363b757365725f646174617c613a31373a7b733a373a22757365725f6964223b733a323a223539223b733a383a22757365726e616d65223b733a31383a226d656e746f722d3140676d61696c2e636f6d223b733a353a22656d61696c223b733a31383a226d656e746f722d3140676d61696c2e636f6d223b733a383a2270617373776f7264223b733a333a22313233223b733a393a2266756c6c5f6e616d65223b733a383a224d656e746f722d31223b733a373a2270726f66696c65223b733a313a2230223b733a31303a2261626f75745f75736572223b4e3b733a383a2273746174655f6964223b733a313a2231223b733a373a22636974795f6964223b733a313a2235223b733a393a22636f757273655f6964223b733a313a2233223b733a383a226c616e646d61726b223b733a353a224e6f696461223b733a31333a2270726f66696c655f696d616765223b4e3b733a373a22726f6c655f6964223b733a313a2232223b733a31323a2270617373696e675f79656172223b4e3b733a353a2270686f6e65223b4e3b733a393a2269735f6f6e6c696e65223b733a313a2231223b733a31303a22637265617465645f6174223b4e3b7d),
('tc5gjtvgj6nf1pa33vb28f1dve0i39d5', '::1', 1680245010, 0x5f5f63695f6c6173745f726567656e65726174657c693a313638303234343832393b),
('tdbjte9tld5koppsdse6ad1jejphjrdj', '::1', 1677519508, 0x5f5f63695f6c6173745f726567656e65726174657c693a313637373531393530383b757365725f646174617c613a31353a7b733a373a22757365725f6964223b733a313a2237223b733a383a22757365726e616d65223b733a353a2261646d696e223b733a353a22656d61696c223b733a31353a2261646d696e40676d61696c2e636f6d223b733a383a2270617373776f7264223b733a333a22313233223b733a393a2266756c6c5f6e616d65223b733a353a2241646d696e223b733a373a2270726f66696c65223b733a313a2230223b733a31303a2261626f75745f75736572223b4e3b733a383a2273746174655f6964223b733a313a2231223b733a373a22636974795f6964223b733a313a2235223b733a393a22636f757273655f6964223b733a313a2231223b733a383a226c616e646d61726b223b733a393a226d616e696e61676172223b733a31333a2270726f66696c655f696d616765223b4e3b733a373a22726f6c655f6964223b733a313a2231223b733a393a2269735f6f6e6c696e65223b733a313a2231223b733a31303a22637265617465645f6174223b733a31393a22323032332d30322d32342032323a34373a3534223b7d),
('th71ucm2b6359345kd5ujtv4bu86m77b', '::1', 1677400288, 0x5f5f63695f6c6173745f726567656e65726174657c693a313637373430303238383b757365725f646174617c613a31353a7b733a373a22757365725f6964223b733a323a223539223b733a383a22757365726e616d65223b733a31383a226d656e746f722d3140676d61696c2e636f6d223b733a353a22656d61696c223b733a31383a226d656e746f722d3140676d61696c2e636f6d223b733a383a2270617373776f7264223b733a333a22313233223b733a393a2266756c6c5f6e616d65223b733a383a224d656e746f722d31223b733a373a2270726f66696c65223b733a313a2230223b733a31303a2261626f75745f75736572223b4e3b733a383a2273746174655f6964223b733a313a2231223b733a373a22636974795f6964223b733a313a2235223b733a393a22636f757273655f6964223b733a313a2233223b733a383a226c616e646d61726b223b733a353a224e6f696461223b733a31333a2270726f66696c655f696d616765223b4e3b733a373a22726f6c655f6964223b733a313a2232223b733a393a2269735f6f6e6c696e65223b733a313a2231223b733a31303a22637265617465645f6174223b4e3b7d),
('thpbq1475nsogpknev1gukjfvu63arc9', '::1', 1677922957, 0x757365725f69647c733a323a223536223b757365726e616d657c733a31353a22696e666f40776562687574732e696e223b656d61696c7c733a31353a22696e666f40776562687574732e696e223b70617373776f72647c733a333a22313233223b66756c6c5f6e616d657c4e3b70726f66696c657c4e3b61626f75745f757365727c4e3b73746174655f69647c4e3b636974795f69647c4e3b636f757273655f69647c4e3b6c616e646d61726b7c4e3b70726f66696c655f696d6167657c4e3b726f6c655f69647c733a313a2233223b70617373696e675f796561727c4e3b70686f6e657c4e3b69735f6f6e6c696e657c733a313a2230223b637265617465645f61747c4e3b5f5f63695f6c6173745f726567656e65726174657c693a313637373932323935373b),
('tt5nvted8jqmfs6tv5aitfqdkhp5jqic', '::1', 1677921234, 0x5f5f63695f6c6173745f726567656e65726174657c693a313637373932313233343b),
('u5pp9af14qrdm15lvk5lq3vfq0381g8k', '::1', 1677397671, 0x5f5f63695f6c6173745f726567656e65726174657c693a313637373339373637313b),
('v697m54lpqb1fj611dpcq2vgkbq03gv3', '::1', 1677515002, 0x757365725f69647c733a323a223536223b757365726e616d657c733a31353a22696e666f40776562687574732e696e223b656d61696c7c733a31353a22696e666f40776562687574732e696e223b70617373776f72647c733a333a22313233223b66756c6c5f6e616d657c4e3b70726f66696c657c4e3b61626f75745f757365727c4e3b73746174655f69647c4e3b636974795f69647c4e3b636f757273655f69647c4e3b6c616e646d61726b7c4e3b70726f66696c655f696d6167657c4e3b726f6c655f69647c733a313a2233223b69735f6f6e6c696e657c733a313a2230223b637265617465645f61747c4e3b5f5f63695f6c6173745f726567656e65726174657c693a313637373531353030323b);

-- --------------------------------------------------------

--
-- Table structure for table `complaints`
--

CREATE TABLE `complaints` (
  `id` int(11) NOT NULL,
  `name` varchar(100) NOT NULL,
  `email` varchar(100) NOT NULL,
  `c_tittle` varchar(100) NOT NULL,
  `c_description` text NOT NULL,
  `user_id` int(11) NOT NULL
) ENGINE=InnoDB DEFAULT CHARSET=latin1 COLLATE=latin1_swedish_ci;

--
-- Dumping data for table `complaints`
--

INSERT INTO `complaints` (`id`, `name`, `email`, `c_tittle`, `c_description`, `user_id`) VALUES
(1, 'sam', 'bhatt@gmail.com', 'query', 'sameer bhatt', 1),
(2, 'sam', 'bhatt@gmail.com', 'query', 'sameer bhatt', 2),
(3, 'Twinkal', 'a@gmail.clm', 'icn', 'gdshgs', 3),
(4, 'Twinkal', 'a@gmail.clm', 'icn', 'sddfgdgf', 1),
(5, 'test', 'testuser@gmail.com', 'test1', 'test', 1),
(6, 'test', 'guddi@gmail.com', 'test1', 'S', 1),
(7, 'test', 'testuser@gmail.com', 'test1', 'test messagae', 10),
(8, '', '', 'Test', 'terterter', 3);

-- --------------------------------------------------------

--
-- Table structure for table `contact_email`
--

CREATE TABLE `contact_email` (
  `contact_email_id` int(11) NOT NULL,
  `email_address` varchar(100) NOT NULL,
  `is_primary` int(11) NOT NULL,
  `status` tinyint(4) NOT NULL DEFAULT 1
) ENGINE=InnoDB DEFAULT CHARSET=latin1 COLLATE=latin1_swedish_ci;

-- --------------------------------------------------------

--
-- Table structure for table `contact_no`
--

CREATE TABLE `contact_no` (
  `contact_no_id` int(11) NOT NULL,
  `contact_no` varchar(200) NOT NULL,
  `is_primary` int(11) NOT NULL,
  `status` tinyint(4) NOT NULL
) ENGINE=InnoDB DEFAULT CHARSET=latin1 COLLATE=latin1_swedish_ci;

-- --------------------------------------------------------

--
-- Table structure for table `course`
--

CREATE TABLE `course` (
  `id` int(11) NOT NULL,
  `name` varchar(100) NOT NULL
) ENGINE=InnoDB DEFAULT CHARSET=latin1 COLLATE=latin1_swedish_ci;

--
-- Dumping data for table `course`
--

INSERT INTO `course` (`id`, `name`) VALUES
(1, 'BE'),
(2, 'ME'),
(3, 'PHD');

-- --------------------------------------------------------

--
-- Table structure for table `course_image`
--

CREATE TABLE `course_image` (
  `course_id` int(11) NOT NULL,
  `image_name` varchar(200) DEFAULT NULL,
  `title` varchar(100) DEFAULT NULL,
  `description` varchar(100) DEFAULT NULL
) ENGINE=InnoDB DEFAULT CHARSET=latin1 COLLATE=latin1_swedish_ci;

--
-- Dumping data for table `course_image`
--

INSERT INTO `course_image` (`course_id`, `image_name`, `title`, `description`) VALUES
(2, 'B.jpeg', 'Master Of Engineering', 'The primary focus is on the management and leadership aspects that are required to manage large and/'),
(3, 'ab3.jpg', 'Doctor Of Philosophy', 'A PhD is a postgraduate doctoral degree, awarded to students who complete an original thesis offerin'),
(9, 'polotno.jpeg', 'Bachelor Of Engineering', 'A Bachelor of Engineering is a first professional undergraduate academic degree awarded to a student');

-- --------------------------------------------------------

--
-- Table structure for table `course_user_map`
--

CREATE TABLE `course_user_map` (
  `course_user_map_id` int(11) NOT NULL,
  `course_id` int(11) NOT NULL,
  `user_id` int(11) NOT NULL
) ENGINE=InnoDB DEFAULT CHARSET=latin1 COLLATE=latin1_swedish_ci;

--
-- Dumping data for table `course_user_map`
--

INSERT INTO `course_user_map` (`course_user_map_id`, `course_id`, `user_id`) VALUES
(1, 1, 54),
(2, 2, 55),
(3, 2, 59),
(4, 3, 59),
(5, 2, 54),
(6, 3, 54),
(7, 3, 62),
(8, 3, 60),
(9, 3, 60),
(10, 3, 60),
(11, 2, 54);

-- --------------------------------------------------------

--
-- Table structure for table `doc`
--

CREATE TABLE `doc` (
  `doc_id` int(11) NOT NULL,
  `doc_tittle` varchar(50) NOT NULL,
  `doc_type` varchar(50) NOT NULL,
  `user_id` int(11) NOT NULL,
  `relationship` varchar(50) NOT NULL,
  `uploaded_by` int(11) NOT NULL,
  `course_id` int(11) DEFAULT NULL,
  `created_at` timestamp NOT NULL DEFAULT current_timestamp() ON UPDATE current_timestamp(),
  `is_primary` tinyint(1) NOT NULL,
  `doc_slug` varchar(100) NOT NULL,
  `status` tinyint(4) NOT NULL
) ENGINE=InnoDB DEFAULT CHARSET=latin1 COLLATE=latin1_swedish_ci;

-- --------------------------------------------------------

--
-- Table structure for table `material`
--

CREATE TABLE `material` (
  `material_id` int(11) NOT NULL,
  `menter_id` int(11) DEFAULT NULL,
  `title` varchar(100) DEFAULT NULL,
  `material_file` varchar(100) DEFAULT NULL,
  `description` varchar(200) DEFAULT NULL,
  `price` varchar(50) DEFAULT NULL
) ENGINE=InnoDB DEFAULT CHARSET=latin1 COLLATE=latin1_swedish_ci;

--
-- Dumping data for table `material`
--

INSERT INTO `material` (`material_id`, `menter_id`, `title`, `material_file`, `description`, `price`) VALUES
(3, 54, 'Title', 'bb21.jpg', 'Details', '54654'),
(6, 59, 'Fundamental Computer', 'Orange_Black_Minimalist_Graphic_Design_Agency_Instagram_Post.png', 'A Bachelor of Engineering is a first professional undergraduate academic degree awarded to a student after three to five years of studying engineering at an accredited university.', '500'),
(7, 60, 'Test Material', 'logo-innovative.jpg', 'A Bachelor of Engineering is a first professional undergraduate academic degree awarded to a student after three to five years of studying engineering at an accredited university.', '500'),
(8, 60, 'Test Material', 'logo-innovative1.jpg', 'A Bachelor of Engineering is a first professional undergraduate academic degree awarded to a student after three to five years of studying engineering at an accredited university.', '500'),
(9, 54, 'trtyrty', 'Screenshot_2023-03-01_152657.png', 'fdgdfgdfg', '566');

-- --------------------------------------------------------

--
-- Table structure for table `message`
--

CREATE TABLE `message` (
  `message_id` int(11) NOT NULL,
  `sender_id` int(11) NOT NULL,
  `reciver_id` int(11) NOT NULL,
  `message` text DEFAULT NULL,
  `send_on` datetime NOT NULL DEFAULT current_timestamp(),
  `is_read` tinyint(1) NOT NULL
) ENGINE=InnoDB DEFAULT CHARSET=latin1 COLLATE=latin1_swedish_ci;

--
-- Dumping data for table `message`
--

INSERT INTO `message` (`message_id`, `sender_id`, `reciver_id`, `message`, `send_on`, `is_read`) VALUES
(1, 56, 65, 'Hello Shekhar', '2023-04-08 16:02:00', 0),
(2, 65, 60, 'Hello Bro', '2023-04-08 16:04:38', 0);

-- --------------------------------------------------------

--
-- Table structure for table `package`
--

CREATE TABLE `package` (
  `id` int(11) NOT NULL,
  `type` varchar(100) NOT NULL,
  `amount` int(11) NOT NULL,
  `no_of_meetings` int(11) NOT NULL,
  `stripe_pkg_id` varchar(100) NOT NULL
) ENGINE=InnoDB DEFAULT CHARSET=latin1 COLLATE=latin1_swedish_ci;

--
-- Dumping data for table `package`
--

INSERT INTO `package` (`id`, `type`, `amount`, `no_of_meetings`, `stripe_pkg_id`) VALUES
(1, '30 days', 450, 2, 'price_1MdtZRSDCr6tEF9pC9EaBM5U'),
(2, '60 days', 800, 5, 'price_1Mdu3pSDCr6tEF9pUzxGaE8v'),
(3, '90 days', 1200, 7, 'price_1Mdu3pSDCr6tEF9pZ7MjjTTt'),
(4, '180 days', 2500, 10, 'price_1Mdu3pSDCr6tEF9paG726whn');

-- --------------------------------------------------------

--
-- Table structure for table `payment`
--

CREATE TABLE `payment` (
  `id` int(11) NOT NULL,
  `package_id` varchar(150) DEFAULT NULL,
  `user_id` int(11) NOT NULL,
  `created_on` date NOT NULL,
  `status` tinyint(4) NOT NULL,
  `type` int(11) NOT NULL DEFAULT 1 COMMENT '1-Plan, 2-Material',
  `ammount` varchar(10) DEFAULT NULL,
  `material_id` int(11) DEFAULT NULL
) ENGINE=InnoDB DEFAULT CHARSET=latin1 COLLATE=latin1_swedish_ci;

--
-- Dumping data for table `payment`
--

INSERT INTO `payment` (`id`, `package_id`, `user_id`, `created_on`, `status`, `type`, `ammount`, `material_id`) VALUES
(2, 'Fundamental Computer', 56, '2023-03-04', 1, 2, '500', 6),
(3, 'trtyrty', 56, '2023-03-04', 1, 2, '566', 9),
(4, 'Title', 56, '2023-03-04', 1, 2, '54654', 3),
(5, 'Title', 56, '2023-03-04', 1, 2, '54654', 3),
(6, 'Fundamental Computer', 56, '2023-03-04', 1, 2, '500', 6),
(7, 'Title', 56, '2023-03-31', 1, 2, '54654', 3);

-- --------------------------------------------------------

--
-- Table structure for table `role`
--

CREATE TABLE `role` (
  `role_id` int(11) NOT NULL,
  `role_name` varchar(100) NOT NULL
) ENGINE=InnoDB DEFAULT CHARSET=latin1 COLLATE=latin1_swedish_ci;

--
-- Dumping data for table `role`
--

INSERT INTO `role` (`role_id`, `role_name`) VALUES
(1, 'Admin'),
(2, 'Mentor'),
(3, 'Student');

-- --------------------------------------------------------

--
-- Table structure for table `slider_image`
--

CREATE TABLE `slider_image` (
  `slider_image_id` int(11) NOT NULL,
  `image_name` varchar(200) NOT NULL,
  `image_tag` varchar(100) DEFAULT NULL,
  `image_title` varchar(100) DEFAULT NULL,
  `image_sub_title` varchar(100) DEFAULT NULL,
  `sort_order` int(11) NOT NULL,
  `status` tinyint(4) NOT NULL
) ENGINE=InnoDB DEFAULT CHARSET=latin1 COLLATE=latin1_swedish_ci;

--
-- Dumping data for table `slider_image`
--

INSERT INTO `slider_image` (`slider_image_id`, `image_name`, `image_tag`, `image_title`, `image_sub_title`, `sort_order`, `status`) VALUES
(11, 'A.jpg', 'HARD WORK', 'HARD WORK', 'Vivamus sed poritor felis.ntesque habitant morbi senectus et netus', 0, 0),
(12, 'B.jpeg', 'HARD WORK1', 'HARD WORK', 'Vivamus sed poritor felis.ntesque habitant morbi senectus et netus', 0, 0);

-- --------------------------------------------------------

--
-- Table structure for table `state`
--

CREATE TABLE `state` (
  `sid` int(11) NOT NULL,
  `sname` varchar(100) NOT NULL
) ENGINE=InnoDB DEFAULT CHARSET=latin1 COLLATE=latin1_swedish_ci;

--
-- Dumping data for table `state`
--

INSERT INTO `state` (`sid`, `sname`) VALUES
(1, 'GUJARAT'),
(3, 'MP'),
(4, 'UP'),
(6, 'Rajasthan');

-- --------------------------------------------------------

--
-- Table structure for table `sub_status`
--

CREATE TABLE `sub_status` (
  `id` int(11) NOT NULL,
  `payment_id` int(11) DEFAULT NULL,
  `user_id` int(11) DEFAULT NULL,
  `renew_on` datetime DEFAULT NULL,
  `trail_period` int(11) DEFAULT NULL,
  `package_id` int(11) DEFAULT NULL,
  `starting_on` datetime DEFAULT NULL,
  `ending_on` datetime DEFAULT NULL,
  `status` int(11) DEFAULT 0
) ENGINE=InnoDB DEFAULT CHARSET=latin1 COLLATE=latin1_swedish_ci;

--
-- Dumping data for table `sub_status`
--

INSERT INTO `sub_status` (`id`, `payment_id`, `user_id`, `renew_on`, `trail_period`, `package_id`, `starting_on`, `ending_on`, `status`) VALUES
(1, 1, 65, NULL, 0, 0, NULL, '2023-03-30 00:00:00', 0),
(2, 2, 56, '0000-00-00 00:00:00', 1, 1, '2023-02-28 00:00:00', '2023-04-29 00:00:00', 1);

-- --------------------------------------------------------

--
-- Table structure for table `user`
--

CREATE TABLE `user` (
  `user_id` int(11) NOT NULL,
  `username` varchar(100) DEFAULT NULL,
  `email` varchar(100) DEFAULT NULL,
  `password` varchar(100) DEFAULT NULL,
  `full_name` varchar(100) DEFAULT NULL,
  `profile` varchar(250) DEFAULT NULL,
  `about_user` text DEFAULT NULL,
  `state_id` int(11) DEFAULT NULL,
  `city_id` int(11) DEFAULT NULL,
  `course_id` int(11) DEFAULT NULL,
  `landmark` varchar(100) DEFAULT NULL,
  `profile_image` varchar(100) DEFAULT NULL,
  `role_id` int(11) DEFAULT NULL,
  `passing_year` varchar(10) DEFAULT NULL,
  `phone` varchar(30) DEFAULT NULL,
  `is_online` tinyint(1) DEFAULT 1,
  `created_at` timestamp NULL DEFAULT NULL
) ENGINE=InnoDB DEFAULT CHARSET=latin1 COLLATE=latin1_swedish_ci;

--
-- Dumping data for table `user`
--

INSERT INTO `user` (`user_id`, `username`, `email`, `password`, `full_name`, `profile`, `about_user`, `state_id`, `city_id`, `course_id`, `landmark`, `profile_image`, `role_id`, `passing_year`, `phone`, `is_online`, `created_at`) VALUES
(7, 'admin', 'admin@gmail.com', '123', 'Admin', '0', NULL, 1, 5, 1, 'maninagar', NULL, 1, NULL, NULL, 1, '2023-02-24 11:47:54'),
(54, 'shekhar@gmail.com', 'shekhar@gmail.com', '123', 'Shekhar', '0', NULL, 1, 5, 1, 'Noida', NULL, 2, NULL, NULL, 1, '2023-02-25 10:14:35'),
(55, 'amit@gmail.com', 'amit@gmail.com', '123', 'Amit', '0', NULL, NULL, NULL, 1, '', NULL, 2, NULL, NULL, 1, '2023-02-25 12:34:54'),
(56, 'info@webhuts.in', 'info@webhuts.in', '123', 'Chandra', NULL, NULL, NULL, NULL, NULL, NULL, NULL, 3, NULL, NULL, 1, NULL),
(59, 'mentor-1@gmail.com', 'mentor-1@gmail.com', '123', 'Mentor-1', '0', NULL, 1, 5, 3, 'Noida', NULL, 2, NULL, NULL, 1, NULL),
(60, 'mentor-2', 'mentor-2@gmail.com', '123', 'Mentor-2', '0', NULL, 1, 5, 2, 'Noida', NULL, 2, NULL, NULL, 1, NULL),
(61, 'mentor-3', 'mentor-3', '123', 'mentor-3', 'bb13.jpg', NULL, 1, 5, 2, 'Noida', NULL, 2, NULL, NULL, 1, NULL),
(62, 'mentor-4', 'mentor-4', '123', 'mentor-4', 'd0f50a6472455da0595d67d582ac0cb3.jpg', NULL, 1, 5, 1, 'Noida', NULL, 2, NULL, NULL, 1, NULL),
(63, 'shekhar+admin@gmail.com', 'shekhar+admin@gmail.com', '123', 'Student 1', 'f3fd54f11ac53ae364db1366182404e8.png', NULL, 1, 5, 2, 'Noida', NULL, 3, NULL, '9935270134', 1, NULL),
(64, 'mentor-5@gmail.com', 'mentor-5@gmail.com', '123', 'Mentor-5', 'fcef2e8caf2a2e9c94a53b2e12bb449b.jpg', NULL, 1, 5, 2, 'Noida', NULL, 2, '2023', '9935270134', 1, NULL),
(65, 'shekhar-std@gmail.com', 'shekhar-std@gmail.com', '1234', 'Shekhar Std', 'fd5071a785c87219d6ca31c834b0d692.jpg', NULL, 1, 5, 2, 'Noida', NULL, 3, NULL, '9935270134', 0, NULL);

--
-- Indexes for dumped tables
--

--
-- Indexes for table `about_info`
--
ALTER TABLE `about_info`
  ADD PRIMARY KEY (`about_info_id`);

--
-- Indexes for table `cart`
--
ALTER TABLE `cart`
  ADD PRIMARY KEY (`cart_id`);

--
-- Indexes for table `city`
--
ALTER TABLE `city`
  ADD PRIMARY KEY (`cid`),
  ADD KEY `sid` (`sid`);

--
-- Indexes for table `ci_sessions`
--
ALTER TABLE `ci_sessions`
  ADD PRIMARY KEY (`id`),
  ADD KEY `ci_sessions_timestamp` (`timestamp`);

--
-- Indexes for table `complaints`
--
ALTER TABLE `complaints`
  ADD PRIMARY KEY (`id`);

--
-- Indexes for table `contact_email`
--
ALTER TABLE `contact_email`
  ADD PRIMARY KEY (`contact_email_id`);

--
-- Indexes for table `contact_no`
--
ALTER TABLE `contact_no`
  ADD PRIMARY KEY (`contact_no_id`);

--
-- Indexes for table `course`
--
ALTER TABLE `course`
  ADD PRIMARY KEY (`id`);

--
-- Indexes for table `course_image`
--
ALTER TABLE `course_image`
  ADD PRIMARY KEY (`course_id`);

--
-- Indexes for table `course_user_map`
--
ALTER TABLE `course_user_map`
  ADD PRIMARY KEY (`course_user_map_id`);

--
-- Indexes for table `doc`
--
ALTER TABLE `doc`
  ADD PRIMARY KEY (`doc_id`),
  ADD KEY `user_id` (`user_id`),
  ADD KEY `uploaded_by` (`uploaded_by`),
  ADD KEY `course_id` (`course_id`);

--
-- Indexes for table `material`
--
ALTER TABLE `material`
  ADD PRIMARY KEY (`material_id`);

--
-- Indexes for table `message`
--
ALTER TABLE `message`
  ADD PRIMARY KEY (`message_id`),
  ADD KEY `sender_id` (`sender_id`),
  ADD KEY `reciver_id` (`reciver_id`);

--
-- Indexes for table `payment`
--
ALTER TABLE `payment`
  ADD PRIMARY KEY (`id`),
  ADD KEY `package_id` (`package_id`),
  ADD KEY `user_id` (`user_id`);

--
-- Indexes for table `role`
--
ALTER TABLE `role`
  ADD PRIMARY KEY (`role_id`);

--
-- Indexes for table `slider_image`
--
ALTER TABLE `slider_image`
  ADD PRIMARY KEY (`slider_image_id`);

--
-- Indexes for table `state`
--
ALTER TABLE `state`
  ADD PRIMARY KEY (`sid`);

--
-- Indexes for table `sub_status`
--
ALTER TABLE `sub_status`
  ADD PRIMARY KEY (`id`);

--
-- Indexes for table `user`
--
ALTER TABLE `user`
  ADD PRIMARY KEY (`user_id`),
  ADD UNIQUE KEY `email` (`email`),
  ADD KEY `role_id` (`role_id`),
  ADD KEY `state_id` (`state_id`,`city_id`),
  ADD KEY `city_id` (`city_id`),
  ADD KEY `course_id` (`course_id`);

--
-- AUTO_INCREMENT for dumped tables
--

--
-- AUTO_INCREMENT for table `about_info`
--
ALTER TABLE `about_info`
  MODIFY `about_info_id` int(11) NOT NULL AUTO_INCREMENT, AUTO_INCREMENT=2;

--
-- AUTO_INCREMENT for table `cart`
--
ALTER TABLE `cart`
  MODIFY `cart_id` int(11) NOT NULL AUTO_INCREMENT, AUTO_INCREMENT=19;

--
-- AUTO_INCREMENT for table `city`
--
ALTER TABLE `city`
  MODIFY `cid` int(11) NOT NULL AUTO_INCREMENT, AUTO_INCREMENT=11;

--
-- AUTO_INCREMENT for table `complaints`
--
ALTER TABLE `complaints`
  MODIFY `id` int(11) NOT NULL AUTO_INCREMENT, AUTO_INCREMENT=9;

--
-- AUTO_INCREMENT for table `contact_email`
--
ALTER TABLE `contact_email`
  MODIFY `contact_email_id` int(11) NOT NULL AUTO_INCREMENT;

--
-- AUTO_INCREMENT for table `contact_no`
--
ALTER TABLE `contact_no`
  MODIFY `contact_no_id` int(11) NOT NULL AUTO_INCREMENT;

--
-- AUTO_INCREMENT for table `course`
--
ALTER TABLE `course`
  MODIFY `id` int(11) NOT NULL AUTO_INCREMENT, AUTO_INCREMENT=4;

--
-- AUTO_INCREMENT for table `course_image`
--
ALTER TABLE `course_image`
  MODIFY `course_id` int(11) NOT NULL AUTO_INCREMENT, AUTO_INCREMENT=10;

--
-- AUTO_INCREMENT for table `course_user_map`
--
ALTER TABLE `course_user_map`
  MODIFY `course_user_map_id` int(11) NOT NULL AUTO_INCREMENT, AUTO_INCREMENT=12;

--
-- AUTO_INCREMENT for table `doc`
--
ALTER TABLE `doc`
  MODIFY `doc_id` int(11) NOT NULL AUTO_INCREMENT;

--
-- AUTO_INCREMENT for table `material`
--
ALTER TABLE `material`
  MODIFY `material_id` int(11) NOT NULL AUTO_INCREMENT, AUTO_INCREMENT=10;

--
-- AUTO_INCREMENT for table `message`
--
ALTER TABLE `message`
  MODIFY `message_id` int(11) NOT NULL AUTO_INCREMENT, AUTO_INCREMENT=3;

--
-- AUTO_INCREMENT for table `payment`
--
ALTER TABLE `payment`
  MODIFY `id` int(11) NOT NULL AUTO_INCREMENT, AUTO_INCREMENT=8;

--
-- AUTO_INCREMENT for table `role`
--
ALTER TABLE `role`
  MODIFY `role_id` int(11) NOT NULL AUTO_INCREMENT, AUTO_INCREMENT=4;

--
-- AUTO_INCREMENT for table `slider_image`
--
ALTER TABLE `slider_image`
  MODIFY `slider_image_id` int(11) NOT NULL AUTO_INCREMENT, AUTO_INCREMENT=13;

--
-- AUTO_INCREMENT for table `state`
--
ALTER TABLE `state`
  MODIFY `sid` int(11) NOT NULL AUTO_INCREMENT, AUTO_INCREMENT=7;

--
-- AUTO_INCREMENT for table `sub_status`
--
ALTER TABLE `sub_status`
  MODIFY `id` int(11) NOT NULL AUTO_INCREMENT, AUTO_INCREMENT=3;

--
-- AUTO_INCREMENT for table `user`
--
ALTER TABLE `user`
  MODIFY `user_id` int(11) NOT NULL AUTO_INCREMENT, AUTO_INCREMENT=66;

--
-- Constraints for dumped tables
--

--
-- Constraints for table `city`
--
ALTER TABLE `city`
  ADD CONSTRAINT `city_ibfk_1` FOREIGN KEY (`sid`) REFERENCES `state` (`sid`);
COMMIT;

/*!40101 SET CHARACTER_SET_CLIENT=@OLD_CHARACTER_SET_CLIENT */;
/*!40101 SET CHARACTER_SET_RESULTS=@OLD_CHARACTER_SET_RESULTS */;
/*!40101 SET COLLATION_CONNECTION=@OLD_COLLATION_CONNECTION */;
